año,mes,distrito,fuegos,daños_en_construccion,salvamentos_y_rescates,daños_por_agua,incidentes_diversos,salidas_sin_intervencion,servicios_varios,total,idMes
2019,enero,CENTRO,27,20,35,21,41,16,10,170,1
2019,enero,ARGANZUELA,16,9,13,8,24,8,3,81,1
2019,enero,RETIRO,7,4,7,4,18,6,4,50,1
2019,enero,SALAMANCA,21,15,16,14,31,17,7,121,1
2019,enero,CHAMARTIN,12,7,21,5,25,6,5,81,1
2019,enero,TETUAN,28,9,19,9,36,10,1,112,1
2019,enero,CHAMBERI,9,13,26,2,20,10,0,80,1
2019,enero,FUENCARRAL,33,13,20,4,32,13,9,124,1
2019,enero,MONCLOA,14,3,15,12,36,10,8,98,1
2019,enero,LATINA,23,8,18,13,51,12,24,149,1
2019,enero,CARABANCHEL,37,11,12,9,45,18,3,135,1
2019,enero,USERA,19,6,13,2,25,6,3,74,1
2019,enero,PUENTE VALLECAS,40,9,19,9,30,8,2,117,1
2019,enero,MORATALAZ,14,0,6,2,11,1,0,34,1
2019,enero,CIUDAD LINEAL,35,6,17,6,35,8,2,109,1
2019,enero,HORTALEZA,24,5,22,4,18,10,3,86,1
2019,enero,VILLAVERDE,38,2,12,4,21,4,3,84,1
2019,enero,VILLA DE VALLECAS,22,1,4,3,8,9,5,52,1
2019,enero,VICALVARO,11,3,9,1,3,7,1,35,1
2019,enero,SAN BLAS,17,4,10,8,18,5,2,64,1
2019,enero,BARAJAS,7,1,3,2,1,1,3,18,1
2019,febrero,CENTRO,25,21,21,15,27,16,12,137,2
2019,febrero,ARGANZUELA,16,7,11,5,15,11,7,72,2
2019,febrero,RETIRO,11,7,12,2,7,6,1,46,2
2019,febrero,SALAMANCA,21,10,15,9,21,7,2,85,2
2019,febrero,CHAMARTIN,12,5,11,2,20,7,6,63,2
2019,febrero,TETUAN,12,7,21,7,10,5,6,68,2
2019,febrero,CHAMBERI,17,12,21,5,24,11,2,92,2
2019,febrero,FUENCARRAL,32,8,22,5,25,7,7,106,2
2019,febrero,MONCLOA,8,4,13,2,11,3,6,47,2
2019,febrero,LATINA,24,4,10,5,16,15,14,88,2
2019,febrero,CARABANCHEL,37,2,18,6,33,16,4,116,2
2019,febrero,USERA,23,0,6,1,7,11,2,50,2
2019,febrero,PUENTE VALLECAS,43,6,12,8,21,7,2,99,2
2019,febrero,MORATALAZ,12,4,5,2,10,4,0,37,2
2019,febrero,CIUDAD LINEAL,29,6,21,1,31,10,1,99,2
2019,febrero,HORTALEZA,16,3,8,4,13,6,2,52,2
2019,febrero,VILLAVERDE,23,2,9,2,11,7,13,67,2
2019,febrero,VILLA DE VALLECAS,30,2,12,0,7,9,3,63,2
2019,febrero,VICALVARO,10,2,4,1,6,2,0,25,2
2019,febrero,SAN BLAS,18,1,12,1,15,4,3,54,2
2019,febrero,BARAJAS,5,1,2,0,3,0,5,16,2
2019,marzo,CENTRO,29,21,31,10,37,18,23,169,3
2019,marzo,ARGANZUELA,32,1,23,8,23,11,8,106,3
2019,marzo,RETIRO,9,2,7,2,14,3,2,39,3
2019,marzo,SALAMANCA,14,10,13,2,25,6,12,82,3
2019,marzo,CHAMARTIN,21,12,11,9,20,8,11,92,3
2019,marzo,TETUAN,32,12,14,10,18,11,6,103,3
2019,marzo,CHAMBERI,21,13,19,5,14,6,2,80,3
2019,marzo,FUENCARRAL,22,4,21,7,35,8,11,108,3
2019,marzo,MONCLOA,16,4,15,6,23,4,8,76,3
2019,marzo,LATINA,20,3,14,6,25,11,7,86,3
2019,marzo,CARABANCHEL,44,3,17,8,27,11,5,115,3
2019,marzo,USERA,17,4,8,5,13,10,3,60,3
2019,marzo,PUENTE VALLECAS,45,7,16,4,37,10,5,124,3
2019,marzo,MORATALAZ,9,2,9,1,11,4,0,36,3
2019,marzo,CIUDAD LINEAL,25,4,13,11,26,12,2,93,3
2019,marzo,HORTALEZA,27,1,18,6,17,8,3,80,3
2019,marzo,VILLAVERDE,43,3,13,6,19,8,4,96,3
2019,marzo,VILLA DE VALLECAS,24,1,14,3,9,10,4,65,3
2019,marzo,VICALVARO,13,0,3,1,5,3,1,26,3
2019,marzo,SAN BLAS,17,3,6,4,27,5,3,65,3
2019,marzo,BARAJAS,10,1,5,2,3,2,1,24,3
2019,abril,CENTRO,21,23,30,24,39,15,6,158,4
2019,abril,ARGANZUELA,17,7,19,9,26,5,5,88,4
2019,abril,RETIRO,9,7,14,6,22,7,2,67,4
2019,abril,SALAMANCA,14,18,17,11,25,9,4,98,4
2019,abril,CHAMARTIN,5,8,21,12,34,10,4,94,4
2019,abril,TETUAN,22,14,14,11,21,8,2,92,4
2019,abril,CHAMBERI,17,12,13,9,16,8,5,80,4
2019,abril,FUENCARRAL,31,8,22,11,35,15,4,126,4
2019,abril,MONCLOA,12,4,20,11,23,8,4,82,4
2019,abril,LATINA,32,7,26,7,29,10,1,112,4
2019,abril,CARABANCHEL,32,6,27,7,38,13,0,123,4
2019,abril,USERA,18,4,17,5,19,3,4,70,4
2019,abril,PUENTE VALLECAS,29,7,27,10,37,20,21,151,4
2019,abril,MORATALAZ,9,1,7,5,10,3,1,36,4
2019,abril,CIUDAD LINEAL,27,8,21,6,35,10,1,108,4
2019,abril,HORTALEZA,10,5,14,5,35,15,3,87,4
2019,abril,VILLAVERDE,31,5,21,5,14,3,1,80,4
2019,abril,VILLA DE VALLECAS,12,1,9,2,9,9,2,44,4
2019,abril,VICALVARO,5,3,6,2,9,4,0,29,4
2019,abril,SAN BLAS,17,5,10,8,30,3,4,77,4
2019,abril,BARAJAS,4,1,4,3,6,2,3,23,4
2019,abril,FUERA DEL TERMINO MUNICIPAL,1,0,1,0,0,0,1,3,4
2019,mayo,CENTRO,33,33,38,19,60,16,7,206,5
2019,mayo,ARGANZUELA,30,8,17,9,47,13,7,131,5
2019,mayo,RETIRO,14,5,16,4,32,6,4,81,5
2019,mayo,SALAMANCA,22,13,20,5,31,11,8,110,5
2019,mayo,CHAMARTIN,17,8,14,10,49,7,4,109,5
2019,mayo,TETUAN,24,12,23,4,31,12,5,111,5
2019,mayo,CHAMBERI,19,11,19,7,36,16,4,112,5
2019,mayo,FUENCARRAL,29,6,33,12,42,6,9,137,5
2019,mayo,MONCLOA,26,6,29,7,53,14,3,138,5
2019,mayo,LATINA,50,10,38,7,45,18,8,176,5
2019,mayo,CARABANCHEL,41,12,25,5,51,12,6,152,5
2019,mayo,USERA,30,6,14,2,21,8,6,87,5
2019,mayo,PUENTE VALLECAS,36,3,38,4,44,10,5,140,5
2019,mayo,MORATALAZ,14,0,10,3,19,3,0,49,5
2019,mayo,CIUDAD LINEAL,21,7,24,9,56,10,2,129,5
2019,mayo,HORTALEZA,29,3,26,4,49,8,9,128,5
2019,mayo,VILLAVERDE,41,1,13,2,26,6,3,92,5
2019,mayo,VILLA DE VALLECAS,42,3,22,7,18,11,2,105,5
2019,mayo,VICALVARO,14,0,7,0,12,3,0,36,5
2019,mayo,SAN BLAS,27,7,24,4,41,7,0,110,5
2019,mayo,BARAJAS,9,1,11,4,7,2,6,40,5
2019,mayo,FUERA DEL TERMINO MUNICIPAL,1,0,0,0,0,0,0,1,5
2019,junio,CENTRO,40,24,37,22,40,19,4,186,6
2019,junio,ARGANZUELA,32,7,15,14,24,8,4,104,6
2019,junio,RETIRO,18,3,15,7,23,7,2,75,6
2019,junio,SALAMANCA,15,17,19,15,26,9,6,107,6
2019,junio,CHAMARTIN,26,8,20,11,34,7,2,108,6
2019,junio,TETUAN,38,8,26,10,23,4,5,114,6
2019,junio,CHAMBERI,22,11,20,7,41,6,2,109,6
2019,junio,FUENCARRAL,57,5,29,7,44,3,5,150,6
2019,junio,MONCLOA,25,2,22,7,33,10,3,102,6
2019,junio,LATINA,55,11,28,8,40,6,3,151,6
2019,junio,CARABANCHEL,64,8,20,10,34,9,1,146,6
2019,junio,USERA,27,5,15,8,18,8,5,86,6
2019,junio,PUENTE VALLECAS,66,6,35,6,45,6,8,172,6
2019,junio,MORATALAZ,18,1,6,5,23,4,2,59,6
2019,junio,CIUDAD LINEAL,30,4,19,8,42,10,4,117,6
2019,junio,HORTALEZA,50,4,26,12,39,7,3,141,6
2019,junio,VILLAVERDE,74,2,24,1,20,7,0,128,6
2019,junio,VILLA DE VALLECAS,66,0,15,2,21,16,0,120,6
2019,junio,VICALVARO,58,0,5,0,7,9,2,81,6
2019,junio,SAN BLAS,34,6,21,8,39,8,1,117,6
2019,junio,BARAJAS,10,1,5,2,5,5,4,32,6
2019,julio,CENTRO,39,16,40,24,41,13,2,175,7
2019,julio,ARGANZUELA,26,5,17,8,33,8,0,97,7
2019,julio,RETIRO,9,5,19,5,20,5,3,66,7
2019,julio,SALAMANCA,28,12,22,20,41,9,7,139,7
2019,julio,CHAMARTIN,22,7,18,13,54,4,1,119,7
2019,julio,TETUAN,21,7,13,13,38,15,0,107,7
2019,julio,CHAMBERI,28,9,19,10,39,8,0,113,7
2019,julio,FUENCARRAL,36,2,23,15,57,9,1,143,7
2019,julio,MONCLOA,22,6,17,10,34,4,2,95,7
2019,julio,LATINA,29,8,28,15,60,11,6,157,7
2019,julio,CARABANCHEL,67,8,33,7,50,11,1,177,7
2019,julio,USERA,22,3,11,4,24,4,2,70,7
2019,julio,PUENTE VALLECAS,33,8,30,12,41,9,9,142,7
2019,julio,MORATALAZ,15,1,10,3,19,1,0,49,7
2019,julio,CIUDAD LINEAL,48,3,23,13,62,5,5,159,7
2019,julio,HORTALEZA,19,5,26,14,52,7,3,126,7
2019,julio,VILLAVERDE,50,2,25,8,32,7,4,128,7
2019,julio,VILLA DE VALLECAS,57,0,23,6,13,9,0,108,7
2019,julio,VICALVARO,34,2,6,2,19,2,0,65,7
2019,julio,SAN BLAS,21,2,30,11,48,2,7,121,7
2019,julio,BARAJAS,16,3,8,6,19,5,2,59,7
2019,julio,FUERA DEL TERMINO MUNICIPAL,1,0,0,0,0,2,0,3,7
2019,agosto,CENTRO,28,20,46,46,39,10,3,192,8
2019,agosto,ARGANZUELA,17,3,22,11,39,8,1,101,8
2019,agosto,RETIRO,8,6,11,10,36,5,0,76,8
2019,agosto,SALAMANCA,19,9,22,19,19,5,3,96,8
2019,agosto,CHAMARTIN,18,6,16,18,28,7,2,95,8
2019,agosto,TETUAN,21,7,22,21,23,2,2,98,8
2019,agosto,CHAMBERI,11,8,16,21,34,3,2,95,8
2019,agosto,FUENCARRAL,27,3,21,12,34,4,2,103,8
2019,agosto,MONCLOA,11,4,19,10,35,3,1,83,8
2019,agosto,LATINA,23,6,27,24,41,12,5,138,8
2019,agosto,CARABANCHEL,39,8,26,19,54,9,0,155,8
2019,agosto,USERA,16,10,11,9,20,3,1,70,8
2019,agosto,PUENTE VALLECAS,49,9,31,33,46,11,0,179,8
2019,agosto,MORATALAZ,5,1,9,8,15,3,1,42,8
2019,agosto,CIUDAD LINEAL,18,4,25,13,54,5,2,121,8
2019,agosto,HORTALEZA,19,2,20,9,29,1,0,80,8
2019,agosto,VILLAVERDE,35,3,19,17,35,5,0,114,8
2019,agosto,VILLA DE VALLECAS,46,2,14,14,9,6,0,91,8
2019,agosto,VICALVARO,20,0,14,3,4,6,1,48,8
2019,agosto,SAN BLAS,21,6,17,12,24,5,0,85,8
2019,agosto,BARAJAS,4,5,7,8,11,1,0,36,8
2019,agosto,FUERA DEL TERMINO MUNICIPAL,0,0,0,0,0,1,0,1,8
2019,septiembre,CENTRO,28,22,44,23,38,11,10,176,9
2019,septiembre,ARGANZUELA,13,6,20,9,28,9,7,92,9
2019,septiembre,RETIRO,11,4,12,7,24,2,4,64,9
2019,septiembre,SALAMANCA,23,16,25,15,30,10,3,122,9
2019,septiembre,CHAMARTIN,14,5,17,4,27,4,3,74,9
2019,septiembre,TETUAN,22,4,25,14,23,6,1,95,9
2019,septiembre,CHAMBERI,15,12,28,9,19,5,1,89,9
2019,septiembre,FUENCARRAL,23,7,28,5,55,7,6,131,9
2019,septiembre,MONCLOA,8,3,13,9,22,8,3,66,9
2019,septiembre,LATINA,21,7,29,13,39,8,5,122,9
2019,septiembre,CARABANCHEL,40,9,26,13,38,3,1,130,9
2019,septiembre,USERA,20,6,12,6,18,6,3,71,9
2019,septiembre,PUENTE VALLECAS,45,12,24,9,45,5,3,143,9
2019,septiembre,MORATALAZ,9,2,14,5,21,2,0,53,9
2019,septiembre,CIUDAD LINEAL,24,8,16,5,39,5,4,101,9
2019,septiembre,HORTALEZA,23,7,20,7,30,7,0,94,9
2019,septiembre,VILLAVERDE,46,5,18,5,28,4,0,106,9
2019,septiembre,VILLA DE VALLECAS,21,0,18,2,21,3,4,69,9
2019,septiembre,VICALVARO,16,1,7,3,5,6,0,38,9
2019,septiembre,SAN BLAS,9,5,13,2,46,7,3,85,9
2019,septiembre,BARAJAS,4,3,11,2,14,3,4,41,9
2019,septiembre,FUERA DEL TERMINO MUNICIPAL,0,0,0,1,0,0,2,3,9
2019,octubre,CENTRO,35,24,42,20,55,12,10,198,10
2019,octubre,ARGANZUELA,9,8,22,12,30,4,4,89,10
2019,octubre,RETIRO,9,4,11,10,18,5,1,58,10
2019,octubre,SALAMANCA,18,5,25,15,25,3,11,102,10
2019,octubre,CHAMARTIN,14,5,27,10,20,6,11,93,10
2019,octubre,TETUAN,36,11,16,10,18,3,5,99,10
2019,octubre,CHAMBERI,26,3,24,9,27,6,4,99,10
2019,octubre,FUENCARRAL,18,6,23,5,33,9,15,109,10
2019,octubre,MONCLOA,7,5,27,11,28,2,2,82,10
2019,octubre,LATINA,21,5,28,9,40,6,5,114,10
2019,octubre,CARABANCHEL,29,9,30,7,35,12,6,128,10
2019,octubre,USERA,16,4,15,6,25,2,1,69,10
2019,octubre,PUENTE VALLECAS,34,9,22,10,41,7,16,139,10
2019,octubre,MORATALAZ,10,2,15,9,19,2,3,60,10
2019,octubre,CIUDAD LINEAL,17,6,28,11,28,13,1,104,10
2019,octubre,HORTALEZA,16,4,21,5,21,9,4,80,10
2019,octubre,VILLAVERDE,38,2,13,7,25,6,6,97,10
2019,octubre,VILLA DE VALLECAS,26,5,8,7,17,4,2,69,10
2019,octubre,VICALVARO,9,1,6,2,3,5,0,26,10
2019,octubre,SAN BLAS,16,0,20,5,27,4,2,74,10
2019,octubre,BARAJAS,1,2,11,0,10,1,4,29,10
2019,octubre,FUERA DEL TERMINO MUNICIPAL,0,0,0,0,0,0,1,1,10
2019,noviembre,CENTRO,37,27,31,20,43,6,15,179,11
2019,noviembre,ARGANZUELA,8,4,19,5,29,4,10,79,11
2019,noviembre,RETIRO,10,6,15,8,20,2,0,61,11
2019,noviembre,SALAMANCA,14,10,32,12,23,6,4,101,11
2019,noviembre,CHAMARTIN,9,12,18,6,40,9,10,104,11
2019,noviembre,TETUAN,20,15,16,12,35,4,2,104,11
2019,noviembre,CHAMBERI,10,11,25,8,25,8,2,89,11
2019,noviembre,FUENCARRAL,16,7,13,8,78,12,11,145,11
2019,noviembre,MONCLOA,14,3,15,3,34,9,2,80,11
2019,noviembre,LATINA,26,7,15,10,46,8,3,115,11
2019,noviembre,CARABANCHEL,26,14,37,9,53,7,4,150,11
2019,noviembre,USERA,22,6,10,5,22,6,6,77,11
2019,noviembre,PUENTE VALLECAS,35,8,37,7,40,7,38,172,11
2019,noviembre,MORATALAZ,13,1,5,2,17,1,1,40,11
2019,noviembre,CIUDAD LINEAL,20,9,34,10,35,5,6,119,11
2019,noviembre,HORTALEZA,22,8,22,6,43,3,1,105,11
2019,noviembre,VILLAVERDE,29,3,22,1,23,4,4,86,11
2019,noviembre,VILLA DE VALLECAS,22,1,17,3,10,5,2,60,11
2019,noviembre,VICALVARO,7,1,11,4,11,1,1,36,11
2019,noviembre,SAN BLAS,25,8,17,5,37,3,2,97,11
2019,noviembre,BARAJAS,5,2,7,0,7,2,3,26,11
2019,noviembre,FUERA DEL TERMINO MUNICIPAL,0,0,0,0,0,1,2,3,11
2019,diciembre,CENTRO,23,40,38,20,57,19,13,210,12
2019,diciembre,ARGANZUELA,14,11,14,20,30,7,8,104,12
2019,diciembre,RETIRO,12,20,18,11,19,2,1,83,12
2019,diciembre,SALAMANCA,16,28,29,16,30,2,8,129,12
2019,diciembre,CHAMARTIN,12,17,27,10,39,7,9,121,12
2019,diciembre,TETUAN,18,21,25,15,33,6,2,120,12
2019,diciembre,CHAMBERI,13,22,37,14,32,6,0,124,12
2019,diciembre,FUENCARRAL,16,15,28,3,70,9,6,147,12
2019,diciembre,MONCLOA,12,20,15,16,78,7,3,151,12
2019,diciembre,LATINA,32,13,26,22,72,12,8,185,12
2019,diciembre,CARABANCHEL,60,18,24,14,55,17,1,189,12
2019,diciembre,USERA,19,7,16,9,26,2,4,83,12
2019,diciembre,PUENTE VALLECAS,48,26,27,13,53,11,2,180,12
2019,diciembre,MORATALAZ,22,5,12,9,27,3,2,80,12
2019,diciembre,CIUDAD LINEAL,26,14,15,10,40,13,4,122,12
2019,diciembre,HORTALEZA,14,15,19,12,56,8,5,129,12
2019,diciembre,VILLAVERDE,29,13,13,9,31,15,1,111,12
2019,diciembre,VILLA DE VALLECAS,29,9,14,5,16,12,1,86,12
2019,diciembre,VICALVARO,13,4,6,4,26,1,0,54,12
2019,diciembre,BARAJAS,4,3,5,4,10,4,17,47,12
2020,diciembre,CENTRO,20,16,33,17,25,25,11,147,12
2020,diciembre,ARGANZUELA,12,2,26,3,12,8,3,66,12
2020,diciembre,RETIRO,3,5,15,9,8,10,4,54,12
2020,diciembre,SALAMANCA,10,11,17,11,20,23,5,97,12
2020,diciembre,CHAMARTIN,8,3,22,8,12,14,3,70,12
2020,diciembre,TETUAN,23,2,18,10,12,17,0,82,12
2020,diciembre,CHAMBERI,6,9,23,5,13,10,3,69,12
2020,diciembre,FUENCARRAL,29,7,31,7,22,20,4,120,12
2020,diciembre,MONCLOA,3,3,24,1,17,14,2,64,12
2020,diciembre,LATINA,21,4,26,8,24,20,1,104,12
2020,diciembre,CARABANCHEL,23,6,35,7,14,27,2,114,12
2020,diciembre,USERA,15,3,14,2,15,13,4,66,12
2020,diciembre,PUENTE VALLECAS,32,10,35,10,11,20,5,123,12
2020,diciembre,MORATALAZ,13,2,11,3,0,7,0,36,12
2020,diciembre,CIUDAD LINEAL,14,8,23,4,20,19,5,93,12
2020,diciembre,HORTALEZA,15,7,24,3,22,18,3,92,12
2020,diciembre,VILLAVERDE,34,3,13,4,17,9,1,81,12
2020,diciembre,VILLA DE VALLECAS,29,2,15,3,7,10,2,68,12
2020,diciembre,VICALVARO,8,2,8,1,6,5,1,31,12
2020,diciembre,SAN BLAS,22,4,22,3,14,16,0,81,12
2020,diciembre,BARAJAS,6,2,5,0,1,6,7,27,12
2020,diciembre,FUERA DEL TERMINO MUNICIPAL,1,0,5,0,0,2,0,8,12
2020,noviembre,CENTRO,21,16,31,8,22,24,7,129,11
2020,noviembre,ARGANZUELA,5,2,23,7,6,6,1,50,11
2020,noviembre,RETIRO,6,7,17,5,12,11,5,63,11
2020,noviembre,SALAMANCA,12,3,24,12,10,17,3,81,11
2020,noviembre,CHAMARTIN,6,4,14,6,7,14,8,59,11
2020,noviembre,TETUAN,18,8,21,7,13,13,2,82,11
2020,noviembre,CHAMBERI,12,8,19,8,15,8,4,74,11
2020,noviembre,FUENCARRAL,16,5,19,5,24,26,4,99,11
2020,noviembre,MONCLOA,15,2,19,6,14,18,2,76,11
2020,noviembre,LATINA,15,1,29,5,10,29,3,92,11
2020,noviembre,CARABANCHEL,18,2,25,8,14,28,5,100,11
2020,noviembre,USERA,20,0,17,2,5,12,6,62,11
2020,noviembre,PUENTE VALLECAS,20,6,28,11,16,28,3,112,11
2020,noviembre,MORATALAZ,5,1,10,5,7,8,0,36,11
2020,noviembre,CIUDAD LINEAL,16,5,32,1,14,19,4,91,11
2020,noviembre,HORTALEZA,12,2,18,7,16,15,7,77,11
2020,noviembre,VILLAVERDE,19,2,25,4,10,20,5,85,11
2020,noviembre,VILLA DE VALLECAS,27,0,10,3,8,15,3,66,11
2020,noviembre,VICALVARO,3,1,9,2,2,2,1,20,11
2020,noviembre,SAN BLAS,14,2,13,1,14,13,0,57,11
2020,noviembre,BARAJAS,6,2,5,2,7,8,3,33,11
2020,octubre,CENTRO,18,19,33,12,38,22,6,148,10
2020,octubre,ARGANZUELA,5,6,25,9,27,18,1,91,10
2020,octubre,RETIRO,3,4,9,3,22,13,1,55,10
2020,octubre,SALAMANCA,14,15,24,7,43,24,38,165,10
2020,octubre,CHAMARTIN,9,1,16,3,50,23,5,107,10
2020,octubre,TETUAN,13,10,25,11,26,21,7,113,10
2020,octubre,CHAMBERI,14,18,20,6,47,17,3,125,10
2020,octubre,FUENCARRAL,12,6,37,13,68,28,7,171,10
2020,octubre,MONCLOA,8,10,16,6,52,27,0,119,10
2020,octubre,LATINA,34,6,33,6,59,28,4,170,10
2020,octubre,CARABANCHEL,17,8,30,6,46,24,4,135,10
2020,octubre,USERA,17,6,18,3,26,20,2,92,10
2020,octubre,PUENTE VALLECAS,20,9,39,5,60,25,3,161,10
2020,octubre,MORATALAZ,9,2,9,4,36,16,2,78,10
2020,octubre,CIUDAD LINEAL,16,9,33,7,83,25,2,175,10
2020,octubre,HORTALEZA,16,7,18,3,58,32,4,138,10
2020,octubre,VILLAVERDE,21,4,16,5,43,19,3,111,10
2020,octubre,VILLA DE VALLECAS,36,5,13,4,25,25,7,115,10
2020,octubre,VICALVARO,13,3,10,2,22,6,2,58,10
2020,octubre,SAN BLAS,13,5,19,3,67,27,1,135,10
2020,octubre,BARAJAS,9,2,4,1,14,9,4,43,10
2020,octubre,FUERA DEL TERMINO MUNICIPAL,0,0,0,0,0,2,0,2,10
2020,septiembre,CENTRO,29,17,26,26,26,41,1,166,9
2020,septiembre,ARGANZUELA,11,3,21,9,18,12,2,76,9
2020,septiembre,RETIRO,8,5,11,6,24,11,1,66,9
2020,septiembre,SALAMANCA,13,13,28,15,26,15,2,112,9
2020,septiembre,CHAMARTIN,8,10,15,12,27,31,1,104,9
2020,septiembre,TETUAN,8,10,13,24,8,17,1,81,9
2020,septiembre,CHAMBERI,22,6,33,15,19,18,0,113,9
2020,septiembre,FUENCARRAL,22,3,24,14,37,26,0,126,9
2020,septiembre,MONCLOA,4,8,26,18,35,32,0,123,9
2020,septiembre,LATINA,32,4,26,17,39,33,1,152,9
2020,septiembre,CARABANCHEL,31,6,25,15,30,27,1,135,9
2020,septiembre,USERA,9,1,7,6,13,15,2,53,9
2020,septiembre,PUENTE VALLECAS,37,3,38,11,17,30,0,136,9
2020,septiembre,MORATALAZ,19,0,9,5,23,10,1,67,9
2020,septiembre,CIUDAD LINEAL,17,3,27,11,34,19,3,114,9
2020,septiembre,HORTALEZA,10,1,15,17,35,30,0,108,9
2020,septiembre,VILLAVERDE,30,1,14,8,16,19,3,91,9
2020,septiembre,VILLA DE VALLECAS,42,1,10,4,7,19,2,85,9
2020,septiembre,VICALVARO,16,1,12,3,5,8,0,45,9
2020,septiembre,SAN BLAS,9,1,17,8,33,18,1,87,9
2020,septiembre,BARAJAS,12,3,3,5,5,12,1,41,9
2020,agosto,ARGANZUELA,15,3,17,14,21,12,1,83,8
2020,agosto,RETIRO,7,4,8,9,21,10,0,59,8
2020,agosto,SALAMANCA,15,9,29,24,25,15,1,118,8
2020,agosto,CHAMARTIN,6,4,13,19,27,15,1,85,8
2020,agosto,TETUAN,10,6,24,15,22,15,2,94,8
2020,agosto,CHAMBERI,12,11,25,11,17,15,4,95,8
2020,agosto,FUENCARRAL,27,2,31,17,31,18,1,127,8
2020,agosto,MONCLOA,11,2,24,10,27,14,2,90,8
2020,agosto,LATINA,27,6,38,14,34,34,0,153,8
2020,agosto,CARABANCHEL,25,2,35,6,24,32,1,125,8
2020,agosto,USERA,24,3,33,4,21,17,1,103,8
2020,agosto,PUENTE VALLECAS,28,4,39,19,32,30,2,154,8
2020,agosto,MORATALAZ,12,0,9,7,16,7,0,51,8
2020,agosto,CIUDAD LINEAL,14,3,30,12,64,23,0,146,8
2020,agosto,HORTALEZA,20,3,26,7,47,36,2,141,8
2020,agosto,VILLAVERDE,38,1,21,7,27,24,2,120,8
2020,agosto,VILLA DE VALLECAS,52,2,10,4,11,19,0,98,8
2020,agosto,VICALVARO,12,0,11,3,11,11,0,48,8
2020,agosto,SAN BLAS,11,6,23,14,44,13,2,113,8
2020,agosto,BARAJAS,12,1,4,3,5,9,4,38,8
2020,agosto,FUERA DEL TERMINO MUNICIPAL,0,0,1,0,0,0,0,1,8
2020,julio,CENTRO,32,21,41,18,24,40,3,179,7
2020,julio,ARGANZUELA,20,12,37,13,52,15,4,153,7
2020,julio,RETIRO,8,8,16,6,34,18,3,93,7
2020,julio,SALAMANCA,11,10,25,14,41,23,3,127,7
2020,julio,CHAMARTIN,12,3,22,10,46,24,7,124,7
2020,julio,TETUAN,21,7,32,8,20,11,4,103,7
2020,julio,CHAMBERI,22,10,28,9,35,24,2,130,7
2020,julio,FUENCARRAL,45,6,34,5,41,28,1,160,7
2020,julio,MONCLOA,12,2,26,6,43,21,1,111,7
2020,julio,LATINA,38,6,32,8,52,35,1,172,7
2020,julio,CARABANCHEL,37,8,45,10,43,31,2,176,7
2020,julio,USERA,19,3,25,4,34,20,4,109,7
2020,julio,PUENTE VALLECAS,44,4,40,7,52,41,2,190,7
2020,julio,MORATALAZ,14,2,14,3,12,9,0,54,7
2020,julio,CIUDAD LINEAL,30,8,29,8,56,35,0,166,7
2020,julio,HORTALEZA,24,4,22,10,48,29,0,137,7
2020,julio,VILLAVERDE,45,3,18,3,32,27,2,130,7
2020,julio,VILLA DE VALLECAS,74,3,18,3,13,31,0,142,7
2020,julio,VICALVARO,20,1,9,4,15,9,0,58,7
2020,julio,SAN BLAS,17,3,25,4,55,24,0,128,7
2020,julio,BARAJAS,8,1,3,6,4,10,1,33,7
2020,junio,CENTRO,20,18,42,11,33,30,1,155,6
2020,junio,ARGANZUELA,22,9,29,8,32,20,4,124,6
2020,junio,RETIRO,8,6,14,3,26,10,1,68,6
2020,junio,SALAMANCA,12,13,17,8,31,16,1,98,6
2020,junio,CHAMARTIN,9,6,14,8,46,19,0,102,6
2020,junio,TETUAN,16,10,24,11,13,19,2,95,6
2020,junio,CHAMBERI,15,9,25,1,18,21,0,89,6
2020,junio,FUENCARRAL,41,4,30,8,36,21,0,140,6
2020,junio,MONCLOA,25,7,18,3,28,20,0,101,6
2020,junio,LATINA,35,3,33,6,34,30,0,141,6
2020,junio,CARABANCHEL,28,2,35,6,38,28,1,138,6
2020,junio,USERA,15,1,12,5,26,16,1,76,6
2020,junio,PUENTE VALLECAS,30,6,35,7,31,32,1,142,6
2020,junio,MORATALAZ,6,1,12,2,21,7,4,53,6
2020,junio,CIUDAD LINEAL,22,3,22,6,50,17,1,121,6
2020,junio,HORTALEZA,28,2,16,4,32,21,0,103,6
2020,junio,VILLAVERDE,34,5,20,1,27,15,1,103,6
2020,junio,VILLA DE VALLECAS,50,2,14,3,10,12,0,91,6
2020,junio,VICALVARO,17,1,10,2,9,18,0,57,6
2020,junio,SAN BLAS,17,4,22,4,47,20,0,114,6
2020,junio,BARAJAS,3,0,9,0,7,7,0,26,6
2020,junio,FUERA DEL TERMINO MUNICIPAL,0,0,1,0,0,1,0,2,6
2020,mayo,CENTRO,26,18,43,11,27,8,1,134,5
2020,mayo,ARGANZUELA,13,14,37,18,36,16,1,135,5
2020,mayo,RETIRO,11,5,13,7,31,2,0,69,5
2020,mayo,SALAMANCA,7,9,25,19,17,9,1,87,5
2020,mayo,CHAMARTIN,9,6,24,13,29,5,1,87,5
2020,mayo,TETUAN,9,9,16,11,20,3,0,68,5
2020,mayo,CHAMBERI,11,8,27,7,22,5,0,80,5
2020,mayo,FUENCARRAL,25,6,49,8,29,12,0,129,5
2020,mayo,MONCLOA,16,2,31,7,22,6,0,84,5
2020,mayo,LATINA,16,4,37,4,33,8,3,105,5
2020,mayo,CARABANCHEL,18,4,38,5,19,8,0,92,5
2020,mayo,USERA,8,3,30,5,10,2,0,58,5
2020,mayo,PUENTE VALLECAS,21,9,43,17,28,5,3,126,5
2020,mayo,MORATALAZ,10,0,10,3,22,4,0,49,5
2020,mayo,CIUDAD LINEAL,13,5,21,10,47,3,0,99,5
2020,mayo,HORTALEZA,8,1,39,8,38,6,0,100,5
2020,mayo,VILLAVERDE,24,4,43,3,18,7,1,100,5
2020,mayo,VILLA DE VALLECAS,15,1,34,1,5,24,0,80,5
2020,mayo,VICALVARO,1,1,11,4,8,3,0,28,5
2020,mayo,SAN BLAS,10,5,36,9,52,3,1,116,5
2020,mayo,BARAJAS,4,2,17,10,13,1,0,47,5
2020,mayo,FUERA DEL TERMINO MUNICIPAL,3,0,4,0,1,0,1,9,5
2020,abril,CENTRO,14,19,70,12,19,12,15,161,4
2020,abril,ARGANZUELA,13,7,45,11,14,14,3,107,4
2020,abril,RETIRO,1,9,14,5,12,3,0,44,4
2020,abril,SALAMANCA,4,10,34,11,14,5,0,78,4
2020,abril,CHAMARTIN,9,5,25,6,11,7,1,64,4
2020,abril,TETUAN,10,6,15,13,10,7,3,64,4
2020,abril,CHAMBERI,6,12,21,4,12,8,1,64,4
2020,abril,FUENCARRAL,6,3,31,5,18,4,0,67,4
2020,abril,MONCLOA,1,1,44,7,12,6,2,73,4
2020,abril,LATINA,7,8,30,8,11,9,1,74,4
2020,abril,CARABANCHEL,14,5,26,7,19,6,2,79,4
2020,abril,USERA,12,2,17,6,9,10,4,60,4
2020,abril,PUENTE VALLECAS,9,7,33,9,25,9,4,96,4
2020,abril,MORATALAZ,3,1,14,5,4,0,0,27,4
2020,abril,CIUDAD LINEAL,6,7,33,5,16,7,0,74,4
2020,abril,HORTALEZA,5,6,35,2,18,2,1,69,4
2020,abril,VILLAVERDE,8,1,19,10,8,4,1,51,4
2020,abril,VILLA DE VALLECAS,8,1,15,0,5,4,2,35,4
2020,abril,VICALVARO,1,2,11,3,4,2,1,24,4
2020,abril,SAN BLAS,4,6,19,1,19,4,0,53,4
2020,abril,BARAJAS,3,1,9,2,4,1,8,28,4
2020,abril,FUERA DEL TERMINO MUNICIPAL,1,0,0,0,0,0,0,1,4
2020,marzo,CENTRO,21,21,49,12,35,12,5,155,3
2020,marzo,ARGANZUELA,17,12,52,12,18,13,4,128,3
2020,marzo,RETIRO,12,4,21,7,10,5,0,59,3
2020,marzo,SALAMANCA,5,6,29,10,18,9,3,80,3
2020,marzo,CHAMARTIN,8,6,23,11,26,6,2,82,3
2020,marzo,TETUAN,19,11,29,10,22,8,0,99,3
2020,marzo,CHAMBERI,9,15,14,6,17,4,0,65,3
2020,marzo,FUENCARRAL,14,14,38,5,38,7,3,119,3
2020,marzo,MONCLOA,10,6,34,6,30,4,4,94,3
2020,marzo,LATINA,15,15,29,5,23,10,1,98,3
2020,marzo,CARABANCHEL,19,8,34,6,40,11,2,120,3
2020,marzo,USERA,13,4,16,6,13,7,1,60,3
2020,marzo,PUENTE VALLECAS,22,15,29,12,27,8,1,114,3
2020,marzo,MORATALAZ,6,1,15,4,18,7,0,51,3
2020,marzo,CIUDAD LINEAL,9,9,29,10,34,7,0,98,3
2020,marzo,HORTALEZA,11,10,20,3,43,6,3,96,3
2020,marzo,VILLAVERDE,29,9,21,7,15,7,2,90,3
2020,marzo,VILLA DE VALLECAS,17,6,13,5,4,5,1,51,3
2020,marzo,VICALVARO,6,1,3,1,2,2,0,15,3
2020,marzo,SAN BLAS,20,11,14,5,36,5,0,91,3
2020,marzo,BARAJAS,10,1,1,1,12,3,5,33,3
2020,febrero,CENTRO,30,18,42,11,43,8,10,162,2
2020,febrero,ARGANZUELA,14,1,15,9,11,6,6,62,2
2020,febrero,RETIRO,13,3,5,6,10,3,1,41,2
2020,febrero,SALAMANCA,14,13,16,7,20,1,6,77,2
2020,febrero,CHAMARTIN,7,7,11,8,13,3,9,58,2
2020,febrero,TETUAN,11,8,12,7,25,2,6,71,2
2020,febrero,CHAMBERI,19,2,20,7,20,2,4,74,2
2020,febrero,FUENCARRAL,25,5,16,4,29,6,8,93,2
2020,febrero,MONCLOA,13,0,16,7,11,6,15,68,2
2020,febrero,LATINA,17,5,19,15,27,9,11,103,2
2020,febrero,CARABANCHEL,33,5,21,5,20,12,9,105,2
2020,febrero,USERA,12,1,8,7,8,2,2,40,2
2020,febrero,PUENTE VALLECAS,35,2,27,8,22,7,2,103,2
2020,febrero,MORATALAZ,8,0,9,3,7,4,2,33,2
2020,febrero,CIUDAD LINEAL,21,2,15,4,24,2,1,69,2
2020,febrero,HORTALEZA,10,3,18,2,11,5,6,55,2
2020,febrero,VILLAVERDE,25,1,8,5,16,5,7,67,2
2020,febrero,VILLA DE VALLECAS,26,2,12,4,11,6,0,61,2
2020,febrero,VICALVARO,12,1,4,1,7,4,1,30,2
2020,febrero,SAN BLAS,11,6,11,3,13,5,2,51,2
2020,febrero,BARAJAS,10,1,3,6,6,3,2,31,2
2020,enero,CENTRO,36,37,36,22,47,10,12,200,1
2020,enero,ARGANZUELA,21,12,24,4,20,11,6,98,1
2020,enero,RETIRO,9,11,9,8,25,4,1,67,1
2020,enero,SALAMANCA,11,17,23,6,29,8,6,100,1
2020,enero,CHAMARTIN,12,15,23,4,29,8,11,102,1
2020,enero,TETUAN,20,19,31,9,43,4,7,133,1
2020,enero,CHAMBERI,13,15,25,8,27,7,1,96,1
2020,enero,FUENCARRAL,27,14,26,10,49,12,9,147,1
2020,enero,MONCLOA,12,11,17,3,39,6,5,93,1
2020,enero,LATINA,31,10,21,11,56,14,2,145,1
2020,enero,CARABANCHEL,51,15,28,7,44,7,7,159,1
2020,enero,USERA,25,8,13,3,27,7,6,89,1
2020,enero,PUENTE VALLECAS,47,18,23,5,33,7,4,137,1
2020,enero,MORATALAZ,17,4,11,6,16,6,2,62,1
2020,enero,CIUDAD LINEAL,26,13,20,10,37,5,3,114,1
2020,enero,HORTALEZA,15,17,16,6,38,4,3,99,1
2020,enero,VILLAVERDE,33,10,18,9,25,6,4,105,1
2020,enero,VILLA DE VALLECAS,32,7,14,3,24,4,1,85,1
2020,enero,VICALVARO,17,6,11,3,15,4,0,56,1
2020,enero,SAN BLAS,25,18,10,3,38,9,4,107,1
2020,enero,BARAJAS,5,3,1,2,5,5,0,21,1
2021,diciembre,CENTRO,19,18,47,24,28,36,12,184,12
2021,diciembre,ARGANZUELA,9,4,28,7,23,15,1,87,12
2021,diciembre,RETIRO,12,3,21,12,13,15,7,83,12
2021,diciembre,SALAMANCA,14,5,20,8,15,12,12,86,12
2021,diciembre,CHAMARTIN,11,3,24,5,13,20,6,82,12
2021,diciembre,TETUAN,13,8,28,13,17,16,4,99,12
2021,diciembre,CHAMBERI,23,7,30,6,15,11,2,94,12
2021,diciembre,FUENCARRAL,10,5,33,7,18,23,8,104,12
2021,diciembre,MONCLOA,9,6,23,6,16,25,2,87,12
2021,diciembre,LATINA,17,2,30,8,17,16,7,97,12
2021,diciembre,CARABANCHEL,29,10,39,10,14,17,0,119,12
2021,diciembre,USERA,25,1,21,5,7,22,1,82,12
2021,diciembre,PUENTE VALLECAS,32,6,48,7,18,23,10,144,12
2021,diciembre,MORATALAZ,8,0,14,5,3,4,1,35,12
2021,diciembre,CIUDAD LINEAL,13,3,44,8,14,20,1,103,12
2021,diciembre,HORTALEZA,13,4,19,7,10,23,2,78,12
2021,diciembre,VILLAVERDE,28,2,18,4,12,27,1,92,12
2021,diciembre,VILLA DE VALLECAS,17,0,21,5,8,12,0,63,12
2021,diciembre,VICALVARO,20,2,10,2,4,8,3,49,12
2021,diciembre,SAN BLAS,19,0,26,5,7,11,2,70,12
2021,diciembre,BARAJAS,7,0,4,0,9,9,1,30,12
2021,diciembre,FUERA DEL TERMINO MUNICIPAL,0,0,2,0,0,2,1,5,12
2021,noviembre,CENTRO,27,13,48,28,40,32,13,201,11
2021,noviembre,ARGANZUELA,15,4,41,9,21,19,2,111,11
2021,noviembre,RETIRO,4,6,17,11,10,8,1,57,11
2021,noviembre,SALAMANCA,18,11,28,6,19,17,13,112,11
2021,noviembre,CHAMARTIN,17,3,24,7,13,19,10,93,11
2021,noviembre,TETUAN,16,10,30,11,20,19,5,111,11
2021,noviembre,CHAMBERI,7,12,34,12,11,11,7,94,11
2021,noviembre,FUENCARRAL,28,4,34,10,21,16,7,120,11
2021,noviembre,MONCLOA,11,11,22,5,13,23,5,90,11
2021,noviembre,LATINA,22,6,31,16,10,17,5,107,11
2021,noviembre,CARABANCHEL,21,6,28,9,19,19,1,103,11
2021,noviembre,USERA,22,2,22,8,5,23,2,84,11
2021,noviembre,PUENTE VALLECAS,31,6,38,16,12,26,11,139,11
2021,noviembre,MORATALAZ,5,0,13,6,4,7,2,37,11
2021,noviembre,CIUDAD LINEAL,18,5,35,11,14,15,3,101,11
2021,noviembre,HORTALEZA,13,1,30,5,7,26,3,85,11
2021,noviembre,VILLAVERDE,28,4,34,9,11,13,7,106,11
2021,noviembre,VILLA DE VALLECAS,31,2,27,3,6,19,4,92,11
2021,noviembre,VICALVARO,16,1,11,4,3,6,3,44,11
2021,noviembre,SAN BLAS,12,2,25,8,9,13,7,76,11
2021,noviembre,BARAJAS,3,0,4,0,3,6,2,18,11
2021,octubre,CENTRO,27,23,51,26,24,29,9,189,10
2021,octubre,ARGANZUELA,10,5,26,9,12,21,4,87,10
2021,octubre,RETIRO,4,7,17,5,8,15,1,57,10
2021,octubre,SALAMANCA,15,13,31,5,13,18,5,100,10
2021,octubre,CHAMARTIN,11,5,28,10,20,9,4,87,10
2021,octubre,TETUAN,12,7,24,14,11,23,1,92,10
2021,octubre,CHAMBERI,7,7,26,10,13,15,1,79,10
2021,octubre,FUENCARRAL,21,2,41,6,19,21,8,118,10
2021,octubre,MONCLOA,13,4,32,9,12,17,9,96,10
2021,octubre,LATINA,16,9,36,9,15,16,5,106,10
2021,octubre,CARABANCHEL,23,5,32,10,20,39,4,133,10
2021,octubre,USERA,16,7,25,9,8,19,4,88,10
2021,octubre,PUENTE VALLECAS,37,8,29,16,16,22,8,136,10
2021,octubre,MORATALAZ,4,3,21,2,5,7,1,43,10
2021,octubre,CIUDAD LINEAL,17,9,33,17,14,15,2,107,10
2021,octubre,HORTALEZA,23,0,21,5,15,26,1,91,10
2021,octubre,VILLAVERDE,22,5,17,6,8,24,4,86,10
2021,octubre,VILLA DE VALLECAS,17,0,19,4,1,16,3,60,10
2021,octubre,VICALVARO,16,0,9,5,2,8,1,41,10
2021,octubre,SAN BLAS,15,3,39,4,12,14,5,92,10
2021,octubre,BARAJAS,1,1,5,1,3,6,1,18,10
2021,octubre,FUERA DEL TERMINO MUNICIPAL,1,0,0,0,0,2,1,4,10
2021,septiembre,CENTRO,29,28,35,11,18,42,6,169,9
2021,septiembre,ARGANZUELA,5,4,30,7,12,19,3,80,9
2021,septiembre,RETIRO,7,7,20,6,16,10,1,67,9
2021,septiembre,SALAMANCA,9,14,45,13,21,21,0,123,9
2021,septiembre,CHAMARTIN,8,5,24,5,25,30,4,101,9
2021,septiembre,TETUAN,17,6,35,7,16,15,2,98,9
2021,septiembre,CHAMBERI,12,7,23,14,14,19,1,90,9
2021,septiembre,FUENCARRAL,25,4,32,7,21,29,0,118,9
2021,septiembre,MONCLOA,13,6,22,11,11,27,3,93,9
2021,septiembre,LATINA,19,1,33,10,20,30,0,113,9
2021,septiembre,CARABANCHEL,25,9,42,13,27,28,1,145,9
2021,septiembre,USERA,14,2,20,5,11,19,2,73,9
2021,septiembre,PUENTE VALLECAS,25,3,37,15,22,31,4,137,9
2021,septiembre,MORATALAZ,1,1,25,4,7,10,0,48,9
2021,septiembre,CIUDAD LINEAL,18,5,26,6,12,21,0,88,9
2021,septiembre,HORTALEZA,11,4,24,8,11,20,0,78,9
2021,septiembre,VILLAVERDE,30,2,19,17,8,13,0,89,9
2021,septiembre,VILLA DE VALLECAS,26,3,17,13,7,17,0,83,9
2021,septiembre,VICALVARO,19,3,9,3,1,8,0,43,9
2021,septiembre,SAN BLAS,15,1,30,4,15,11,8,84,9
2021,septiembre,BARAJAS,7,1,10,1,4,3,1,27,9
2021,agosto,CENTRO,45,7,40,23,18,44,0,177,8
2021,agosto,ARGANZUELA,14,4,36,13,11,16,3,97,8
2021,agosto,RETIRO,14,5,25,5,16,10,1,76,8
2021,agosto,SALAMANCA,14,5,19,15,13,19,5,90,8
2021,agosto,CHAMARTIN,16,2,25,12,14,9,2,80,8
2021,agosto,TETUAN,21,5,24,14,11,17,1,93,8
2021,agosto,CHAMBERI,12,7,19,13,15,17,1,84,8
2021,agosto,FUENCARRAL,33,1,42,9,16,17,1,119,8
2021,agosto,MONCLOA,21,7,19,7,14,12,2,82,8
2021,agosto,LATINA,46,2,48,15,21,15,1,148,8
2021,agosto,CARABANCHEL,28,3,35,10,23,23,1,123,8
2021,agosto,USERA,26,0,21,2,10,21,0,80,8
2021,agosto,PUENTE VALLECAS,35,3,48,7,6,27,4,130,8
2021,agosto,MORATALAZ,6,0,19,7,6,3,0,41,8
2021,agosto,CIUDAD LINEAL,25,2,31,8,19,16,0,101,8
2021,agosto,HORTALEZA,21,5,26,6,5,17,1,81,8
2021,agosto,VILLAVERDE,39,2,24,8,23,25,0,121,8
2021,agosto,VILLA DE VALLECAS,66,3,14,3,3,28,0,117,8
2021,agosto,VICALVARO,29,1,10,2,8,5,1,56,8
2021,agosto,SAN BLAS,20,4,40,6,11,16,0,97,8
2021,agosto,BARAJAS,6,1,5,1,3,7,0,23,8
2021,agosto,FUERA DEL TERMINO MUNICIPAL,2,0,0,0,0,1,0,3,8
2021,julio,CENTRO,32,17,52,18,26,29,1,175,7
2021,julio,ARGANZUELA,15,2,31,9,15,16,0,88,7
2021,julio,RETIRO,11,4,12,6,4,13,0,50,7
2021,julio,SALAMANCA,13,13,22,4,16,14,2,84,7
2021,julio,CHAMARTIN,12,3,21,10,17,12,0,75,7
2021,julio,TETUAN,23,11,30,10,14,24,0,112,7
2021,julio,CHAMBERI,20,7,30,15,9,19,0,100,7
2021,julio,FUENCARRAL,51,3,30,8,22,44,3,161,7
2021,julio,MONCLOA,42,4,24,6,20,28,6,130,7
2021,julio,LATINA,40,6,41,12,17,27,1,144,7
2021,julio,CARABANCHEL,37,5,40,10,26,30,2,150,7
2021,julio,USERA,16,2,31,8,6,15,1,79,7
2021,julio,PUENTE VALLECAS,50,2,39,9,13,38,5,156,7
2021,julio,MORATALAZ,15,0,18,6,8,9,0,56,7
2021,julio,CIUDAD LINEAL,18,5,29,4,24,16,1,97,7
2021,julio,HORTALEZA,30,0,30,8,20,20,0,108,7
2021,julio,VILLAVERDE,57,1,30,6,5,14,1,114,7
2021,julio,VILLA DE VALLECAS,62,0,12,3,7,25,2,111,7
2021,julio,VICALVARO,28,0,11,6,3,11,1,60,7
2021,julio,SAN BLAS,12,1,18,6,17,11,1,66,7
2021,julio,BARAJAS,7,0,7,2,1,5,0,22,7
2021,julio,FUERA DEL TERMINO MUNICIPAL,2,0,1,0,0,1,0,4,7
2021,junio,CENTRO,20,27,47,23,27,31,7,182,6
2021,junio,ARGANZUELA,15,10,20,7,18,17,1,88,6
2021,junio,RETIRO,14,6,16,5,19,14,5,79,6
2021,junio,SALAMANCA,16,15,21,14,26,21,3,116,6
2021,junio,CHAMARTIN,9,10,17,8,29,18,4,95,6
2021,junio,TETUAN,17,23,35,10,14,29,1,129,6
2021,junio,CHAMBERI,30,18,27,9,25,20,2,131,6
2021,junio,FUENCARRAL,17,4,38,9,28,29,1,126,6
2021,junio,MONCLOA,16,4,19,8,28,26,3,104,6
2021,junio,LATINA,33,8,36,18,31,38,4,168,6
2021,junio,CARABANCHEL,46,7,42,7,27,26,2,157,6
2021,junio,USERA,19,4,19,6,23,21,1,93,6
2021,junio,PUENTE VALLECAS,25,14,30,10,25,21,5,130,6
2021,junio,MORATALAZ,9,1,14,6,15,14,4,63,6
2021,junio,CIUDAD LINEAL,30,4,27,4,26,22,0,113,6
2021,junio,HORTALEZA,38,7,22,6,24,30,1,128,6
2021,junio,VILLAVERDE,66,7,16,7,24,21,4,145,6
2021,junio,VILLA DE VALLECAS,70,3,12,7,12,20,2,126,6
2021,junio,VICALVARO,23,1,14,1,6,14,2,61,6
2021,junio,SAN BLAS,26,4,27,7,21,15,1,101,6
2021,junio,BARAJAS,8,2,11,1,12,12,2,47,6
2021,mayo,ARGANZUELA,14,4,20,7,16,9,4,74,5
2021,mayo,RETIRO,17,3,15,3,17,11,3,69,5
2021,mayo,SALAMANCA,13,6,33,7,17,23,6,105,5
2021,mayo,CHAMARTIN,11,8,21,3,22,15,3,83,5
2021,mayo,TETUAN,19,10,21,4,10,13,3,80,5
2021,mayo,CHAMBERI,20,12,25,8,12,14,4,95,5
2021,mayo,FUENCARRAL,21,5,35,6,28,31,6,132,5
2021,mayo,MONCLOA,25,1,22,5,19,11,9,92,5
2021,mayo,LATINA,41,1,32,12,11,36,4,137,5
2021,mayo,CARABANCHEL,31,4,31,8,26,22,6,128,5
2021,mayo,USERA,15,2,15,5,16,15,2,70,5
2021,mayo,PUENTE VALLECAS,21,8,36,9,16,26,6,122,5
2021,mayo,MORATALAZ,13,3,10,5,6,7,0,44,5
2021,mayo,CIUDAD LINEAL,18,11,50,3,19,18,3,122,5
2021,mayo,HORTALEZA,25,3,22,2,14,15,3,84,5
2021,mayo,VILLAVERDE,33,1,20,8,10,17,1,90,5
2021,mayo,VILLA DE VALLECAS,29,2,29,4,13,18,3,98,5
2021,mayo,VICALVARO,13,1,12,3,6,11,0,46,5
2021,mayo,SAN BLAS,17,4,24,4,17,21,2,89,5
2021,mayo,BARAJAS,3,0,7,3,0,8,1,22,5
2021,mayo,FUERA DEL TERMINO MUNICIPAL,0,0,1,0,0,0,2,3,5
2021,abril,CENTRO,12,28,24,9,21,20,12,126,4
2021,abril,ARGANZUELA,11,11,14,5,13,8,6,68,4
2021,abril,RETIRO,6,1,12,3,14,6,2,44,4
2021,abril,SALAMANCA,8,21,28,8,16,12,7,100,4
2021,abril,CHAMARTIN,13,6,18,1,18,15,4,75,4
2021,abril,TETUAN,14,11,15,3,14,17,3,77,4
2021,abril,CHAMBERI,6,12,33,4,10,12,1,78,4
2021,abril,FUENCARRAL,19,7,21,8,13,29,8,105,4
2021,abril,MONCLOA,19,3,32,6,16,21,12,109,4
2021,abril,LATINA,44,7,29,8,12,23,10,133,4
2021,abril,CARABANCHEL,15,4,25,3,21,21,4,93,4
2021,abril,USERA,16,3,11,7,5,16,2,60,4
2021,abril,PUENTE VALLECAS,16,10,23,11,19,21,6,106,4
2021,abril,MORATALAZ,8,5,12,10,6,10,0,51,4
2021,abril,CIUDAD LINEAL,7,7,24,9,19,16,4,86,4
2021,abril,HORTALEZA,7,4,21,4,15,17,5,73,4
2021,abril,VILLAVERDE,20,7,22,10,11,13,5,88,4
2021,abril,VILLA DE VALLECAS,24,3,9,9,5,15,1,66,4
2021,abril,VICALVARO,15,0,11,1,0,8,3,38,4
2021,abril,SAN BLAS,14,5,18,4,15,6,0,62,4
2021,abril,BARAJAS,2,0,3,0,6,4,3,18,4
2021,abril,FUERA DEL TERMINO MUNICIPAL,0,0,1,0,0,0,0,1,4
2021,marzo,CENTRO,17,26,35,10,22,31,3,144,3
2021,marzo,ARGANZUELA,13,7,23,7,13,10,2,75,3
2021,marzo,RETIRO,4,5,20,4,4,16,1,54,3
2021,marzo,SALAMANCA,10,8,22,16,31,20,5,112,3
2021,marzo,CHAMARTIN,12,1,16,5,18,14,7,73,3
2021,marzo,TETUAN,14,13,20,2,20,13,5,87,3
2021,marzo,CHAMBERI,18,10,26,10,12,11,4,91,3
2021,marzo,FUENCARRAL,28,2,24,4,14,20,8,100,3
2021,marzo,MONCLOA,13,5,16,8,21,21,6,90,3
2021,marzo,LATINA,21,3,22,3,17,20,9,95,3
2021,marzo,CARABANCHEL,14,5,27,5,17,31,3,102,3
2021,marzo,USERA,17,1,18,2,9,21,1,69,3
2021,marzo,PUENTE VALLECAS,44,8,25,8,15,33,2,135,3
2021,marzo,MORATALAZ,9,0,14,0,6,5,0,34,3
2021,marzo,CIUDAD LINEAL,14,1,21,4,18,23,4,85,3
2021,marzo,HORTALEZA,20,1,21,2,20,15,4,83,3
2021,marzo,VILLAVERDE,26,4,14,3,13,12,4,76,3
2021,marzo,VILLA DE VALLECAS,18,0,8,4,9,17,5,61,3
2021,marzo,VICALVARO,10,1,7,1,8,5,0,32,3
2021,marzo,SAN BLAS,18,3,17,4,19,16,2,79,3
2021,marzo,BARAJAS,3,0,4,1,7,8,2,25,3
2021,febrero,CENTRO,20,18,21,13,32,41,4,149,2
2021,febrero,ARGANZUELA,9,10,18,2,15,14,4,72,2
2021,febrero,RETIRO,4,10,10,3,15,7,4,53,2
2021,febrero,SALAMANCA,7,12,13,5,37,19,8,101,2
2021,febrero,CHAMARTIN,6,4,10,1,30,14,5,70,2
2021,febrero,TETUAN,8,14,26,9,16,17,2,92,2
2021,febrero,CHAMBERI,8,17,22,3,16,9,5,80,2
2021,febrero,FUENCARRAL,15,0,22,1,37,13,10,98,2
2021,febrero,MONCLOA,10,3,16,4,21,11,5,70,2
2021,febrero,LATINA,13,9,20,8,21,25,10,106,2
2021,febrero,CARABANCHEL,30,7,29,9,23,26,6,130,2
2021,febrero,USERA,17,1,16,3,14,17,5,73,2
2021,febrero,PUENTE VALLECAS,28,8,23,7,18,21,5,110,2
2021,febrero,MORATALAZ,7,0,6,4,28,10,1,56,2
2021,febrero,CIUDAD LINEAL,11,5,12,4,40,14,2,88,2
2021,febrero,HORTALEZA,12,3,13,6,44,19,3,100,2
2021,febrero,VILLAVERDE,14,1,19,3,10,11,4,62,2
2021,febrero,VILLA DE VALLECAS,17,3,14,5,9,5,6,59,2
2021,febrero,VICALVARO,3,3,7,1,6,8,2,30,2
2021,febrero,SAN BLAS,17,4,16,5,27,14,10,93,2
2021,febrero,BARAJAS,5,1,1,6,6,8,5,32,2
2021,febrero,FUERA DEL TERMINO MUNICIPAL,0,0,0,0,1,0,0,1,2
2021,enero,CENTRO,15,160,45,40,49,96,22,427,1
2021,enero,ARGANZUELA,4,27,21,21,36,33,8,150,1
2021,enero,RETIRO,2,27,22,8,35,25,5,124,1
2021,enero,SALAMANCA,10,81,39,19,65,44,12,270,1
2021,enero,CHAMARTIN,11,27,31,18,71,47,12,217,1
2021,enero,TETUAN,12,71,42,14,36,51,14,240,1
2021,enero,CHAMBERI,7,68,35,16,37,42,10,215,1
2021,enero,FUENCARRAL,22,30,51,35,128,81,23,370,1
2021,enero,MONCLOA,7,26,42,30,97,55,11,268,1
2021,enero,LATINA,11,28,44,24,134,71,12,324,1
2021,enero,CARABANCHEL,27,36,38,36,68,66,5,276,1
2021,enero,USERA,14,23,23,16,54,35,10,175,1
2021,enero,PUENTE VALLECAS,28,46,53,29,74,63,20,313,1
2021,enero,MORATALAZ,5,3,12,13,31,15,3,82,1
2021,enero,CIUDAD LINEAL,7,46,46,11,145,64,13,332,1
2021,enero,HORTALEZA,16,30,35,25,111,44,7,268,1
2021,enero,VILLAVERDE,20,25,25,37,68,48,4,227,1
2021,enero,VILLA DE VALLECAS,17,16,32,19,22,39,5,150,1
2021,enero,VICALVARO,7,15,18,9,13,21,2,85,1
2021,enero,SAN BLAS,11,27,30,23,89,39,3,222,1
2022,diciembre,CENTRO,26,40,56,41,70,84,14,331,12
2022,diciembre,ARGANZUELA,6,11,12,10,6,34,2,81,12
2022,diciembre,RETIRO,4,9,15,12,10,16,2,68,12
2022,diciembre,SALAMANCA,7,15,31,13,23,29,8,126,12
2022,diciembre,CHAMARTIN,13,7,21,20,21,21,3,106,12
2022,diciembre,TETUAN,12,16,22,24,18,32,7,131,12
2022,diciembre,CHAMBERI,13,11,23,7,11,24,4,93,12
2022,diciembre,FUENCARRAL,22,3,27,12,23,29,7,123,12
2022,diciembre,MONCLOA,11,6,11,11,23,27,11,100,12
2022,diciembre,LATINA,15,7,47,16,18,34,8,145,12
2022,diciembre,CARABANCHEL,10,7,24,15,19,35,3,113,12
2022,diciembre,USERA,19,10,13,12,15,32,3,104,12
2022,diciembre,PUENTE VALLECAS,23,13,37,15,26,32,45,191,12
2022,diciembre,MORATALAZ,8,2,11,12,8,13,3,57,12
2022,diciembre,CIUDAD LINEAL,8,7,35,12,10,32,5,109,12
2022,diciembre,HORTALEZA,11,6,24,7,20,21,4,93,12
2022,diciembre,VILLAVERDE,24,6,12,13,14,23,6,98,12
2022,diciembre,VILLA DE VALLECAS,8,3,23,5,13,21,1,74,12
2022,diciembre,VICALVARO,10,4,9,8,5,8,4,48,12
2022,diciembre,SAN BLAS,11,11,13,6,23,23,3,90,12
2022,diciembre,BARAJAS,1,2,7,6,8,5,5,34,12
2022,diciembre,FUERA DEL TERMINO MUNICIPAL,0,0,0,0,1,1,0,2,12
2022,noviembre,CENTRO,22,34,40,13,49,56,24,238,11
2022,noviembre,ARGANZUELA,10,9,22,6,18,17,0,82,11
2022,noviembre,RETIRO,6,7,21,8,16,23,6,87,11
2022,noviembre,SALAMANCA,8,10,15,12,28,26,17,116,11
2022,noviembre,CHAMARTIN,12,6,18,10,33,18,6,103,11
2022,noviembre,TETUAN,10,4,22,14,11,22,12,95,11
2022,noviembre,CHAMBERI,9,5,18,15,20,17,3,87,11
2022,noviembre,FUENCARRAL,16,4,25,16,26,40,5,132,11
2022,noviembre,MONCLOA,9,10,22,7,30,25,8,111,11
2022,noviembre,LATINA,14,8,33,7,22,33,5,122,11
2022,noviembre,CARABANCHEL,22,6,30,10,24,42,4,138,11
2022,noviembre,USERA,12,4,15,6,13,21,5,76,11
2022,noviembre,PUENTE VALLECAS,31,8,40,3,21,47,54,204,11
2022,noviembre,MORATALAZ,3,4,11,4,12,11,2,47,11
2022,noviembre,CIUDAD LINEAL,9,6,19,11,14,25,5,89,11
2022,noviembre,HORTALEZA,3,3,20,5,17,28,4,80,11
2022,noviembre,VILLAVERDE,25,1,19,5,15,21,3,89,11
2022,noviembre,VILLA DE VALLECAS,3,1,8,6,13,14,2,47,11
2022,noviembre,VICALVARO,8,2,12,3,5,12,5,47,11
2022,noviembre,SAN BLAS,10,5,18,7,18,12,8,78,11
2022,noviembre,BARAJAS,3,1,4,5,8,5,0,26,11
2022,noviembre,FUERA DEL TERMINO MUNICIPAL,0,0,0,0,0,2,4,6,11
2022,octubre,CENTRO,19,28,47,11,46,62,21,234,10
2022,octubre,ARGANZUELA,9,9,17,4,22,24,4,89,10
2022,octubre,RETIRO,5,8,20,3,20,11,4,71,10
2022,octubre,SALAMANCA,15,7,17,8,31,27,15,120,10
2022,octubre,CHAMARTIN,12,8,18,4,35,23,10,110,10
2022,octubre,TETUAN,23,12,27,5,14,26,1,108,10
2022,octubre,CHAMBERI,20,9,32,11,34,23,2,131,10
2022,octubre,FUENCARRAL,25,7,21,12,55,29,14,163,10
2022,octubre,MONCLOA,13,7,19,3,38,22,6,108,10
2022,octubre,LATINA,27,9,29,7,36,21,4,133,10
2022,octubre,CARABANCHEL,32,10,41,3,31,32,4,153,10
2022,octubre,USERA,23,4,22,2,17,18,1,87,10
2022,octubre,PUENTE VALLECAS,24,11,31,6,43,32,57,204,10
2022,octubre,MORATALAZ,5,4,10,3,18,11,1,52,10
2022,octubre,CIUDAD LINEAL,10,5,30,6,38,21,3,113,10
2022,octubre,HORTALEZA,3,4,26,7,35,27,0,102,10
2022,octubre,VILLAVERDE,26,7,21,9,21,18,2,104,10
2022,octubre,VILLA DE VALLECAS,28,5,14,3,8,11,1,70,10
2022,octubre,VICALVARO,19,3,6,4,10,7,1,50,10
2022,octubre,SAN BLAS,9,5,27,5,18,15,10,89,10
2022,octubre,BARAJAS,2,1,5,5,15,8,4,40,10
2022,octubre,FUERA DEL TERMINO MUNICIPAL,3,0,0,0,1,3,3,10,10
2022,septiembre,CENTRO,37,19,39,17,35,65,15,227,9
2022,septiembre,ARGANZUELA,16,8,29,9,33,23,2,120,9
2022,septiembre,RETIRO,7,7,15,7,30,14,2,82,9
2022,septiembre,SALAMANCA,17,16,27,9,29,32,7,137,9
2022,septiembre,CHAMARTIN,27,5,27,7,40,23,10,139,9
2022,septiembre,TETUAN,9,11,33,12,24,25,3,117,9
2022,septiembre,CHAMBERI,10,13,31,6,21,24,4,109,9
2022,septiembre,FUENCARRAL,24,1,25,14,43,23,9,139,9
2022,septiembre,MONCLOA,13,3,27,8,32,23,6,112,9
2022,septiembre,LATINA,22,6,34,9,32,22,10,135,9
2022,septiembre,CARABANCHEL,37,8,28,16,32,30,6,157,9
2022,septiembre,USERA,15,5,22,7,26,18,2,95,9
2022,septiembre,PUENTE VALLECAS,26,9,31,7,37,25,2,137,9
2022,septiembre,MORATALAZ,6,4,16,4,19,12,0,61,9
2022,septiembre,CIUDAD LINEAL,11,8,30,6,36,24,0,115,9
2022,septiembre,HORTALEZA,8,3,21,12,30,16,2,92,9
2022,septiembre,VILLAVERDE,44,2,14,5,24,37,3,129,9
2022,septiembre,VILLA DE VALLECAS,33,3,14,4,12,12,3,81,9
2022,septiembre,VICALVARO,13,1,6,3,15,9,1,48,9
2022,septiembre,SAN BLAS,11,4,15,5,29,23,4,91,9
2022,septiembre,BARAJAS,1,4,5,7,10,7,6,40,9
2022,septiembre,FUERA DEL TERMINO MUNICIPAL,5,0,2,1,2,1,0,11,9
2022,agosto,CENTRO,45,10,58,28,38,49,6,234,8
2022,agosto,ARGANZUELA,15,4,20,17,39,19,2,116,8
2022,agosto,RETIRO,5,9,28,11,27,13,0,93,8
2022,agosto,SALAMANCA,12,11,25,15,14,19,3,99,8
2022,agosto,CHAMARTIN,18,7,28,6,30,13,4,106,8
2022,agosto,TETUAN,17,8,39,13,24,15,7,123,8
2022,agosto,CHAMBERI,17,4,40,16,25,18,1,121,8
2022,agosto,FUENCARRAL,18,5,34,14,30,25,1,127,8
2022,agosto,MONCLOA,10,3,25,8,30,26,4,106,8
2022,agosto,LATINA,25,2,39,20,37,31,2,156,8
2022,agosto,CARABANCHEL,39,8,52,14,34,24,0,171,8
2022,agosto,USERA,25,5,20,2,24,18,1,95,8
2022,agosto,PUENTE VALLECAS,34,8,37,5,48,24,3,159,8
2022,agosto,MORATALAZ,13,1,15,4,16,7,0,56,8
2022,agosto,CIUDAD LINEAL,14,5,37,11,26,24,2,119,8
2022,agosto,HORTALEZA,12,1,25,17,24,15,5,99,8
2022,agosto,VILLAVERDE,35,3,29,9,28,16,2,122,8
2022,agosto,VILLA DE VALLECAS,44,3,18,6,14,25,2,112,8
2022,agosto,VICALVARO,16,1,9,3,5,15,1,50,8
2022,agosto,SAN BLAS,18,5,30,8,19,21,2,103,8
2022,agosto,BARAJAS,6,2,6,7,7,10,0,38,8
2022,agosto,FUERA DEL TERMINO MUNICIPAL,2,0,2,0,2,3,1,10,8
2022,julio,CENTRO,51,16,58,23,38,69,8,263,7
2022,julio,ARGANZUELA,19,7,26,11,28,26,2,119,7
2022,julio,RETIRO,12,6,20,8,24,30,3,103,7
2022,julio,SALAMANCA,18,10,31,12,31,23,8,133,7
2022,julio,CHAMARTIN,17,9,26,9,43,33,5,142,7
2022,julio,TETUAN,23,11,30,19,25,31,1,140,7
2022,julio,CHAMBERI,15,6,37,20,50,40,4,172,7
2022,julio,FUENCARRAL,39,6,26,12,35,29,12,159,7
2022,julio,MONCLOA,26,3,30,10,31,26,4,130,7
2022,julio,LATINA,27,11,42,11,44,33,6,174,7
2022,julio,CARABANCHEL,47,10,38,16,42,39,5,197,7
2022,julio,USERA,32,0,24,7,14,21,4,102,7
2022,julio,PUENTE VALLECAS,34,9,58,12,38,49,6,206,7
2022,julio,MORATALAZ,9,3,22,2,26,10,2,74,7
2022,julio,CIUDAD LINEAL,37,8,28,7,38,40,2,160,7
2022,julio,HORTALEZA,22,6,33,13,35,29,2,140,7
2022,julio,VILLAVERDE,67,1,22,9,29,24,2,154,7
2022,julio,VILLA DE VALLECAS,53,6,16,7,10,18,4,114,7
2022,julio,VICALVARO,14,2,8,3,9,9,0,45,7
2022,julio,SAN BLAS,18,2,35,8,20,21,1,105,7
2022,julio,BARAJAS,11,0,9,3,5,14,8,50,7
2022,julio,FUERA DEL TERMINO MUNICIPAL,5,0,1,0,1,3,0,10,7
2022,junio,CENTRO,52,27,44,19,48,57,10,257,6
2022,junio,ARGANZUELA,18,6,35,13,21,26,8,127,6
2022,junio,RETIRO,5,4,15,4,16,21,8,73,6
2022,junio,SALAMANCA,30,12,35,10,12,36,8,143,6
2022,junio,CHAMARTIN,18,7,21,6,28,28,2,110,6
2022,junio,TETUAN,17,10,37,13,17,43,5,142,6
2022,junio,CHAMBERI,19,12,34,9,15,30,1,120,6
2022,junio,FUENCARRAL,61,4,41,7,25,37,6,181,6
2022,junio,MONCLOA,27,6,21,3,20,23,8,108,6
2022,junio,LATINA,34,12,33,9,22,33,18,161,6
2022,junio,CARABANCHEL,36,8,46,11,23,27,4,155,6
2022,junio,USERA,27,1,31,9,14,24,5,111,6
2022,junio,PUENTE VALLECAS,37,8,38,12,26,31,2,154,6
2022,junio,MORATALAZ,10,2,16,4,14,4,2,52,6
2022,junio,CIUDAD LINEAL,32,9,25,12,29,31,6,144,6
2022,junio,HORTALEZA,47,7,23,8,35,32,8,160,6
2022,junio,VILLAVERDE,92,1,26,8,17,26,10,180,6
2022,junio,VILLA DE VALLECAS,75,5,19,3,11,24,7,144,6
2022,junio,VICALVARO,18,3,8,6,7,12,2,56,6
2022,junio,SAN BLAS,16,5,36,3,24,18,6,108,6
2022,junio,BARAJAS,10,0,3,1,8,11,5,38,6
2022,junio,FUERA DEL TERMINO MUNICIPAL,3,0,0,0,2,1,1,7,6
2022,mayo,CENTRO,46,21,67,9,48,50,7,248,5
2022,mayo,ARGANZUELA,30,7,22,6,14,22,8,109,5
2022,mayo,RETIRO,17,5,24,9,15,15,0,85,5
2022,mayo,SALAMANCA,16,18,32,5,20,15,15,121,5
2022,mayo,CHAMARTIN,12,7,19,5,24,19,10,96,5
2022,mayo,TETUAN,22,13,23,7,13,25,5,108,5
2022,mayo,CHAMBERI,15,5,27,10,21,19,6,103,5
2022,mayo,FUENCARRAL,31,3,23,8,16,26,14,121,5
2022,mayo,MONCLOA,27,4,22,11,21,20,6,111,5
2022,mayo,LATINA,21,10,43,8,17,32,8,139,5
2022,mayo,CARABANCHEL,23,9,49,11,15,23,6,136,5
2022,mayo,USERA,19,3,20,6,10,14,4,76,5
2022,mayo,PUENTE VALLECAS,40,12,39,9,26,24,7,157,5
2022,mayo,MORATALAZ,16,3,15,6,11,10,4,65,5
2022,mayo,CIUDAD LINEAL,16,4,34,10,18,27,2,111,5
2022,mayo,HORTALEZA,23,3,29,10,19,22,0,106,5
2022,mayo,VILLAVERDE,39,5,26,25,18,16,3,132,5
2022,mayo,VILLA DE VALLECAS,43,2,35,10,12,25,3,130,5
2022,mayo,VICALVARO,8,0,7,1,10,6,4,36,5
2022,mayo,SAN BLAS,16,8,27,3,11,21,6,92,5
2022,mayo,BARAJAS,5,2,7,2,9,4,1,30,5
2022,mayo,FUERA DEL TERMINO MUNICIPAL,3,0,0,0,1,3,0,7,5
2022,abril,CENTRO,22,27,53,25,27,45,4,203,4
2022,abril,ARGANZUELA,24,6,18,5,24,18,2,97,4
2022,abril,RETIRO,6,3,15,2,12,14,0,52,4
2022,abril,SALAMANCA,8,14,43,12,18,19,7,121,4
2022,abril,CHAMARTIN,13,8,20,7,18,17,9,92,4
2022,abril,TETUAN,11,15,35,15,17,19,4,116,4
2022,abril,CHAMBERI,13,13,31,13,11,15,1,97,4
2022,abril,FUENCARRAL,17,7,23,6,24,25,5,107,4
2022,abril,MONCLOA,15,7,19,2,28,12,6,89,4
2022,abril,LATINA,6,9,35,10,10,21,13,104,4
2022,abril,CARABANCHEL,27,7,44,13,15,27,1,134,4
2022,abril,USERA,18,5,18,4,8,23,2,78,4
2022,abril,PUENTE VALLECAS,19,7,26,13,21,16,6,108,4
2022,abril,MORATALAZ,4,1,9,5,7,5,1,32,4
2022,abril,CIUDAD LINEAL,16,9,28,7,17,16,2,95,4
2022,abril,HORTALEZA,11,3,19,8,25,17,0,83,4
2022,abril,VILLAVERDE,19,3,24,10,9,14,4,83,4
2022,abril,VILLA DE VALLECAS,9,4,10,3,12,6,0,44,4
2022,abril,VICALVARO,8,0,9,5,3,7,3,35,4
2022,abril,SAN BLAS,14,4,18,1,18,8,9,72,4
2022,abril,BARAJAS,4,0,3,1,2,5,2,17,4
2022,abril,FUERA DEL TERMINO MUNICIPAL,0,0,0,0,0,1,0,1,4
2022,marzo,CENTRO,36,23,68,16,16,51,9,219,3
2022,marzo,ARGANZUELA,14,3,22,9,19,11,5,83,3
2022,marzo,RETIRO,8,8,19,7,4,7,2,55,3
2022,marzo,SALAMANCA,17,11,22,8,10,15,8,91,3
2022,marzo,CHAMARTIN,14,5,20,7,11,15,7,79,3
2022,marzo,TETUAN,12,9,35,9,7,16,1,89,3
2022,marzo,CHAMBERI,11,7,26,6,15,17,0,82,3
2022,marzo,FUENCARRAL,14,2,20,12,17,22,4,91,3
2022,marzo,MONCLOA,8,7,26,8,14,18,3,84,3
2022,marzo,LATINA,13,5,32,6,11,21,7,95,3
2022,marzo,CARABANCHEL,13,8,43,6,15,22,6,113,3
2022,marzo,USERA,6,3,22,5,11,23,2,72,3
2022,marzo,PUENTE VALLECAS,23,7,32,12,15,17,3,109,3
2022,marzo,MORATALAZ,11,0,15,4,3,7,0,40,3
2022,marzo,CIUDAD LINEAL,12,2,20,5,8,12,1,60,3
2022,marzo,HORTALEZA,14,7,14,5,8,16,5,69,3
2022,marzo,VILLAVERDE,31,3,22,11,9,18,3,97,3
2022,marzo,VILLA DE VALLECAS,18,2,12,3,3,12,1,51,3
2022,marzo,VICALVARO,12,1,8,2,1,5,0,29,3
2022,marzo,SAN BLAS,10,3,19,6,15,14,2,69,3
2022,marzo,BARAJAS,4,0,8,1,3,6,1,23,3
2022,marzo,FUERA DEL TERMINO MUNICIPAL,2,0,1,0,0,1,0,4,3
2022,febrero,CENTRO,30,15,46,13,18,48,4,174,2
2022,febrero,ARGANZUELA,12,2,18,11,12,12,4,71,2
2022,febrero,RETIRO,11,2,20,5,3,3,1,45,2
2022,febrero,SALAMANCA,7,5,34,10,11,12,9,88,2
2022,febrero,CHAMARTIN,7,2,20,6,13,19,8,75,2
2022,febrero,TETUAN,12,1,18,12,10,23,2,78,2
2022,febrero,CHAMBERI,12,7,27,9,9,13,4,81,2
2022,febrero,FUENCARRAL,16,6,23,7,10,21,4,87,2
2022,febrero,MONCLOA,11,2,21,5,12,12,7,70,2
2022,febrero,LATINA,17,6,19,4,7,20,4,77,2
2022,febrero,CARABANCHEL,30,3,36,7,7,25,6,114,2
2022,febrero,USERA,13,2,15,2,11,10,4,57,2
2022,febrero,PUENTE VALLECAS,36,1,40,6,13,20,5,121,2
2022,febrero,MORATALAZ,13,0,14,2,1,9,3,42,2
2022,febrero,CIUDAD LINEAL,18,3,28,8,13,13,4,87,2
2022,febrero,HORTALEZA,18,0,18,4,11,23,3,77,2
2022,febrero,VILLAVERDE,19,1,18,2,11,17,4,72,2
2022,febrero,VILLA DE VALLECAS,16,0,13,3,3,5,2,42,2
2022,febrero,VICALVARO,14,1,9,3,1,10,0,38,2
2022,febrero,SAN BLAS,15,5,20,2,8,8,9,67,2
2022,febrero,BARAJAS,5,1,4,3,4,5,3,25,2
2022,febrero,FUERA DEL TERMINO MUNICIPAL,1,0,0,0,0,2,0,3,2
2022,enero,CENTRO,9,6,21,9,8,15,2,70,1
2022,enero,ARGANZUELA,8,1,5,8,6,5,0,33,1
2022,enero,RETIRO,2,0,4,3,3,0,2,14,1
2022,enero,SALAMANCA,3,3,16,4,5,8,2,41,1
2022,enero,CHAMARTIN,7,1,11,3,1,5,1,29,1
2022,enero,TETUAN,6,2,12,6,4,7,0,37,1
2022,enero,CHAMBERI,8,4,10,2,6,7,0,37,1
2022,enero,FUENCARRAL,11,0,17,3,7,6,2,46,1
2022,enero,MONCLOA,6,2,4,0,3,7,1,23,1
2022,enero,LATINA,9,2,17,4,9,4,2,47,1
2022,enero,CARABANCHEL,7,2,10,4,2,12,1,38,1
2022,enero,USERA,9,2,6,3,4,10,1,35,1
2022,enero,PUENTE VALLECAS,17,3,18,7,4,10,1,60,1
2022,enero,MORATALAZ,3,0,8,0,3,7,0,21,1
2022,enero,CIUDAD LINEAL,7,2,25,4,4,8,0,50,1
2022,enero,VILLAVERDE,11,2,9,6,3,7,1,39,1
2022,enero,VILLA DE VALLECAS,10,1,9,3,3,7,0,33,1
2022,enero,VICALVARO,7,0,7,0,2,0,2,18,1
2022,enero,SAN BLAS,6,2,9,1,1,8,3,30,1
2022,enero,BARAJAS,4,0,2,0,1,3,0,10,1
2023,diciembre,CENTRO,40,21,71,26,60,11,10,239,12
2023,diciembre,ARGANZUELA,13,7,34,13,16,2,2,87,12
2023,diciembre,RETIRO,5,7,31,16,19,0,2,80,12
2023,diciembre,SALAMANCA,18,18,39,17,34,6,8,140,12
2023,diciembre,CHAMARTIN,26,4,32,16,32,4,4,118,12
2023,diciembre,TETUAN,20,13,38,14,33,4,6,128,12
2023,diciembre,CHAMBERI,11,13,38,21,31,1,4,119,12
2023,diciembre,FUENCARRAL,24,6,38,16,46,4,2,136,12
2023,diciembre,MONCLOA,21,13,18,14,33,1,5,105,12
2023,diciembre,LATINA,24,5,53,21,29,4,2,138,12
2023,diciembre,CARABANCHEL,45,10,54,14,37,7,1,168,12
2023,diciembre,USERA,30,7,37,8,21,4,2,109,12
2023,diciembre,PUENTE VALLECAS,43,9,51,23,46,10,0,182,12
2023,diciembre,MORATALAZ,8,1,16,6,13,5,0,49,12
2023,diciembre,CIUDAD LINEAL,15,2,34,11,27,4,1,94,12
2023,diciembre,HORTALEZA,25,3,33,12,21,6,5,105,12
2023,diciembre,VILLAVERDE,29,3,25,6,26,1,4,94,12
2023,diciembre,VILLA DE VALLECAS,22,1,23,9,17,0,3,75,12
2023,diciembre,VICALVARO,20,0,16,2,15,2,0,55,12
2023,diciembre,SAN BLAS,29,4,32,15,29,1,8,118,12
2023,diciembre,BARAJAS,3,0,13,2,13,3,15,49,12
2023,diciembre,FUERA DEL TERMINO MUNICIPAL,0,0,1,0,1,0,3,5,12
2023,noviembre,CENTRO,33,40,74,29,94,11,13,294,11
2023,noviembre,ARGANZUELA,10,10,27,9,40,4,1,101,11
2023,noviembre,RETIRO,8,7,15,9,21,1,2,63,11
2023,noviembre,SALAMANCA,12,19,40,24,39,2,9,145,11
2023,noviembre,CHAMARTIN,15,14,25,18,63,8,8,151,11
2023,noviembre,TETUAN,14,16,28,14,32,4,9,117,11
2023,noviembre,CHAMBERI,22,18,41,10,49,4,6,150,11
2023,noviembre,FUENCARRAL,15,6,29,6,99,6,8,169,11
2023,noviembre,MONCLOA,43,10,25,12,75,8,1,174,11
2023,noviembre,LATINA,22,13,36,14,78,5,5,173,11
2023,noviembre,CARABANCHEL,24,11,41,21,63,3,3,166,11
2023,noviembre,USERA,22,13,22,9,32,7,1,106,11
2023,noviembre,PUENTE VALLECAS,46,18,39,14,64,3,6,190,11
2023,noviembre,MORATALAZ,9,8,14,5,22,3,0,61,11
2023,noviembre,CIUDAD LINEAL,17,14,29,12,55,0,3,130,11
2023,noviembre,HORTALEZA,14,7,24,5,75,2,3,130,11
2023,noviembre,VILLAVERDE,21,4,19,9,39,4,2,98,11
2023,noviembre,VILLA DE VALLECAS,33,3,19,6,35,4,0,100,11
2023,noviembre,VICALVARO,8,2,10,2,22,5,0,49,11
2023,noviembre,SAN BLAS,17,5,30,12,37,5,5,111,11
2023,noviembre,BARAJAS,2,2,3,6,25,2,1,41,11
2023,noviembre,FUERA DEL TERMINO MUNICIPAL,0,0,0,0,0,0,5,5,11
2023,octubre,CENTRO,37,50,84,40,91,18,11,331,10
2023,octubre,ARGANZUELA,12,11,26,12,50,7,1,119,10
2023,octubre,RETIRO,6,10,28,7,22,5,4,82,10
2023,octubre,SALAMANCA,15,15,54,17,45,7,3,156,10
2023,octubre,CHAMARTIN,20,20,20,21,52,5,9,147,10
2023,octubre,TETUAN,24,18,29,13,36,6,5,131,10
2023,octubre,CHAMBERI,19,22,38,13,43,3,2,140,10
2023,octubre,FUENCARRAL,23,12,35,16,71,6,10,173,10
2023,octubre,MONCLOA,13,11,21,17,58,5,3,128,10
2023,octubre,LATINA,23,17,37,18,58,9,2,164,10
2023,octubre,CARABANCHEL,34,21,45,26,81,6,4,217,10
2023,octubre,USERA,13,9,30,19,37,3,2,113,10
2023,octubre,PUENTE VALLECAS,28,16,44,31,45,6,8,178,10
2023,octubre,MORATALAZ,10,2,21,11,21,5,3,73,10
2023,octubre,CIUDAD LINEAL,21,17,41,18,52,4,3,156,10
2023,octubre,HORTALEZA,22,15,28,20,58,4,0,147,10
2023,octubre,VILLAVERDE,38,8,30,23,41,2,5,147,10
2023,octubre,VILLA DE VALLECAS,20,3,18,9,19,1,9,79,10
2023,octubre,VICALVARO,6,0,6,7,20,1,1,41,10
2023,octubre,SAN BLAS,24,8,22,20,45,9,4,132,10
2023,octubre,BARAJAS,2,4,9,9,12,6,0,42,10
2023,octubre,FUERA DEL TERMINO MUNICIPAL,0,0,2,0,0,0,0,2,10
2023,septiembre,CENTRO,31,46,75,37,68,10,7,274,9
2023,septiembre,ARGANZUELA,16,11,34,16,21,6,4,108,9
2023,septiembre,RETIRO,9,11,29,14,27,4,0,94,9
2023,septiembre,SALAMANCA,14,34,42,34,27,5,4,160,9
2023,septiembre,CHAMARTIN,8,13,20,16,49,2,6,114,9
2023,septiembre,TETUAN,20,22,41,36,23,5,2,149,9
2023,septiembre,CHAMBERI,13,28,51,28,29,2,1,152,9
2023,septiembre,FUENCARRAL,16,6,31,43,53,4,3,156,9
2023,septiembre,MONCLOA,9,13,30,18,36,5,4,115,9
2023,septiembre,LATINA,31,10,58,27,38,3,1,168,9
2023,septiembre,CARABANCHEL,24,11,37,42,51,9,0,174,9
2023,septiembre,USERA,12,7,25,28,28,4,3,107,9
2023,septiembre,PUENTE VALLECAS,29,12,50,41,50,4,0,186,9
2023,septiembre,MORATALAZ,8,1,22,10,27,3,0,71,9
2023,septiembre,CIUDAD LINEAL,9,17,41,24,39,5,2,137,9
2023,septiembre,HORTALEZA,10,9,22,29,49,3,2,124,9
2023,septiembre,VILLAVERDE,22,6,29,19,31,3,0,110,9
2023,septiembre,VILLA DE VALLECAS,15,6,33,15,16,2,3,90,9
2023,septiembre,VICALVARO,15,4,13,15,12,2,0,61,9
2023,septiembre,SAN BLAS,13,13,37,31,30,2,4,130,9
2023,septiembre,BARAJAS,5,2,6,22,20,4,7,66,9
2023,septiembre,FUERA DEL TERMINO MUNICIPAL,1,0,1,0,3,0,0,5,9
2023,agosto,CENTRO,54,24,76,21,56,10,6,247,8
2023,agosto,ARGANZUELA,14,12,29,16,48,3,3,125,8
2023,agosto,RETIRO,10,2,26,13,23,4,0,78,8
2023,agosto,SALAMANCA,20,15,25,19,29,6,0,114,8
2023,agosto,CHAMARTIN,20,7,30,13,51,7,1,129,8
2023,agosto,TETUAN,28,4,35,27,22,4,2,122,8
2023,agosto,CHAMBERI,5,4,35,14,29,3,0,90,8
2023,agosto,FUENCARRAL,28,10,38,19,51,4,1,151,8
2023,agosto,MONCLOA,26,9,32,18,50,1,2,138,8
2023,agosto,LATINA,39,5,52,22,49,7,0,174,8
2023,agosto,CARABANCHEL,37,11,71,19,37,7,1,183,8
2023,agosto,USERA,24,0,30,7,33,5,3,102,8
2023,agosto,PUENTE VALLECAS,42,15,57,20,44,5,1,184,8
2023,agosto,MORATALAZ,10,2,20,11,14,0,1,58,8
2023,agosto,CIUDAD LINEAL,17,7,38,16,47,3,2,130,8
2023,agosto,HORTALEZA,24,5,34,20,61,7,0,151,8
2023,agosto,VILLAVERDE,45,5,24,12,43,1,0,130,8
2023,agosto,VILLA DE VALLECAS,43,5,25,5,19,4,0,101,8
2023,agosto,VICALVARO,10,1,18,2,19,1,2,53,8
2023,agosto,SAN BLAS,34,7,29,10,27,1,2,110,8
2023,agosto,BARAJAS,12,2,8,4,12,4,0,42,8
2023,agosto,FUERA DEL TERMINO MUNICIPAL,4,0,2,0,0,0,1,7,8
2023,julio,CENTRO,50,32,67,32,59,29,18,287,7
2023,julio,ARGANZUELA,12,7,34,11,30,12,1,107,7
2023,julio,RETIRO,12,5,31,10,21,5,1,85,7
2023,julio,SALAMANCA,27,9,42,13,35,13,1,140,7
2023,julio,CHAMARTIN,19,4,26,17,38,8,1,113,7
2023,julio,TETUAN,29,9,49,16,15,7,4,129,7
2023,julio,CHAMBERI,25,8,37,10,22,5,2,109,7
2023,julio,FUENCARRAL,29,6,50,16,33,13,2,149,7
2023,julio,MONCLOA,22,7,30,12,54,10,7,142,7
2023,julio,LATINA,37,11,53,19,41,9,1,171,7
2023,julio,CARABANCHEL,38,13,53,14,33,6,0,157,7
2023,julio,USERA,28,4,34,12,28,5,4,115,7
2023,julio,PUENTE VALLECAS,41,10,63,24,41,8,2,189,7
2023,julio,MORATALAZ,9,3,15,8,12,6,1,54,7
2023,julio,CIUDAD LINEAL,24,9,55,10,45,9,0,152,7
2023,julio,HORTALEZA,24,4,37,7,40,4,0,116,7
2023,julio,VILLAVERDE,42,3,33,2,26,12,8,126,7
2023,julio,VILLA DE VALLECAS,36,3,30,5,17,9,1,101,7
2023,julio,VICALVARO,13,2,19,11,9,3,8,65,7
2023,julio,SAN BLAS,27,6,30,14,27,9,4,117,7
2023,julio,BARAJAS,6,1,7,1,9,0,2,26,7
2023,julio,FUERA DEL TERMINO MUNICIPAL,0,0,0,0,0,1,0,1,7
2023,junio,CENTRO,44,33,57,22,50,34,18,258,6
2023,junio,ARGANZUELA,11,8,24,13,27,16,9,108,6
2023,junio,RETIRO,11,6,20,9,16,7,3,72,6
2023,junio,SALAMANCA,15,15,26,15,40,20,2,133,6
2023,junio,CHAMARTIN,9,5,30,7,31,8,6,96,6
2023,junio,TETUAN,18,9,21,13,29,8,5,103,6
2023,junio,CHAMBERI,15,14,41,11,24,16,9,130,6
2023,junio,FUENCARRAL,20,6,28,18,42,23,9,146,6
2023,junio,MONCLOA,14,3,33,13,43,11,6,123,6
2023,junio,LATINA,21,11,41,12,40,11,8,144,6
2023,junio,CARABANCHEL,22,15,38,16,48,27,9,175,6
2023,junio,USERA,10,4,22,7,18,8,5,74,6
2023,junio,PUENTE VALLECAS,41,2,32,22,39,14,5,155,6
2023,junio,MORATALAZ,5,2,16,8,10,5,2,48,6
2023,junio,CIUDAD LINEAL,29,11,36,17,45,24,2,164,6
2023,junio,HORTALEZA,17,4,27,8,36,16,3,111,6
2023,junio,VILLAVERDE,19,5,18,10,28,11,4,95,6
2023,junio,VILLA DE VALLECAS,21,4,16,5,15,15,1,77,6
2023,junio,VICALVARO,12,1,12,3,12,7,6,53,6
2023,junio,SAN BLAS,26,4,17,23,31,13,4,118,6
2023,junio,BARAJAS,5,4,5,1,20,4,6,45,6
2023,junio,FUERA DEL TERMINO MUNICIPAL,1,0,0,0,2,0,2,5,6
2023,mayo,CENTRO,51,29,45,34,60,40,20,279,5
2023,mayo,ARGANZUELA,16,3,19,10,27,25,6,106,5
2023,mayo,RETIRO,9,5,19,9,18,9,2,71,5
2023,mayo,SALAMANCA,9,12,33,17,35,17,5,128,5
2023,mayo,CHAMARTIN,21,11,16,8,33,11,8,108,5
2023,mayo,TETUAN,18,17,28,15,22,17,4,121,5
2023,mayo,CHAMBERI,20,14,32,13,16,18,4,117,5
2023,mayo,FUENCARRAL,27,4,28,20,43,21,8,151,5
2023,mayo,MONCLOA,29,5,25,12,30,16,14,131,5
2023,mayo,LATINA,32,12,28,22,43,20,15,172,5
2023,mayo,CARABANCHEL,28,12,40,15,42,25,11,173,5
2023,mayo,USERA,23,7,27,16,27,15,4,119,5
2023,mayo,PUENTE VALLECAS,28,4,33,18,40,23,9,155,5
2023,mayo,MORATALAZ,22,1,13,1,17,6,0,60,5
2023,mayo,CIUDAD LINEAL,18,6,24,4,37,20,3,112,5
2023,mayo,HORTALEZA,23,9,19,19,39,23,2,134,5
2023,mayo,VILLAVERDE,30,3,14,7,27,14,2,97,5
2023,mayo,VILLA DE VALLECAS,15,2,17,1,16,13,1,65,5
2023,mayo,VICALVARO,12,3,7,6,12,6,1,47,5
2023,mayo,SAN BLAS,26,4,18,14,20,16,6,104,5
2023,mayo,BARAJAS,2,2,10,11,11,2,1,39,5
2023,mayo,FUERA DEL TERMINO MUNICIPAL,2,0,0,0,0,1,6,9,5
2023,abril,CENTRO,30,14,62,19,45,39,14,223,4
2023,abril,ARGANZUELA,11,9,23,12,22,11,1,89,4
2023,abril,RETIRO,15,3,17,6,15,7,2,65,4
2023,abril,SALAMANCA,18,11,30,8,24,13,7,111,4
2023,abril,CHAMARTIN,17,8,21,11,24,7,10,98,4
2023,abril,TETUAN,32,6,38,11,11,11,6,115,4
2023,abril,CHAMBERI,18,10,32,7,15,11,4,97,4
2023,abril,FUENCARRAL,21,3,30,6,22,14,10,106,4
2023,abril,MONCLOA,28,6,28,9,29,14,10,124,4
2023,abril,LATINA,33,5,43,5,19,10,3,118,4
2023,abril,CARABANCHEL,28,9,35,14,27,14,1,128,4
2023,abril,USERA,24,8,30,8,12,13,8,103,4
2023,abril,PUENTE VALLECAS,45,9,43,15,27,14,9,162,4
2023,abril,MORATALAZ,10,1,21,2,12,7,1,54,4
2023,abril,CIUDAD LINEAL,30,8,42,16,13,9,2,120,4
2023,abril,HORTALEZA,33,4,20,3,24,11,3,98,4
2023,abril,VILLAVERDE,32,4,21,7,17,5,4,90,4
2023,abril,VILLA DE VALLECAS,24,1,18,5,11,9,2,70,4
2023,abril,VICALVARO,7,1,9,3,7,4,3,34,4
2023,abril,SAN BLAS,13,3,32,8,17,6,4,83,4
2023,abril,BARAJAS,14,0,5,1,7,2,2,31,4
2023,abril,FUERA DEL TERMINO MUNICIPAL,0,0,1,0,0,0,4,5,4
2023,marzo,CENTRO,46,25,78,24,72,32,11,288,3
2023,marzo,ARGANZUELA,16,6,23,5,18,12,2,82,3
2023,marzo,RETIRO,14,9,11,6,9,7,1,57,3
2023,marzo,SALAMANCA,17,16,44,9,21,7,9,123,3
2023,marzo,CHAMARTIN,14,5,30,6,20,8,6,89,3
2023,marzo,TETUAN,13,8,38,12,23,5,4,103,3
2023,marzo,CHAMBERI,13,11,30,9,16,6,4,89,3
2023,marzo,FUENCARRAL,18,3,31,11,26,6,4,99,3
2023,marzo,MONCLOA,11,11,23,5,19,7,1,77,3
2023,marzo,LATINA,23,7,29,7,15,13,7,101,3
2023,marzo,CARABANCHEL,35,4,30,9,26,16,0,120,3
2023,marzo,USERA,15,4,21,5,17,7,2,71,3
2023,marzo,PUENTE VALLECAS,36,10,49,8,21,16,3,143,3
2023,marzo,MORATALAZ,14,2,24,2,10,2,1,55,3
2023,marzo,CIUDAD LINEAL,18,6,30,11,29,8,1,103,3
2023,marzo,HORTALEZA,14,1,27,7,27,10,3,89,3
2023,marzo,VILLAVERDE,21,8,28,5,13,6,7,88,3
2023,marzo,VILLA DE VALLECAS,27,3,19,5,10,8,3,75,3
2023,marzo,VICALVARO,9,2,9,5,5,1,3,34,3
2023,marzo,SAN BLAS,11,6,25,5,14,6,2,69,3
2023,marzo,BARAJAS,5,0,3,1,7,6,1,23,3
2023,marzo,FUERA DEL TERMINO MUNICIPAL,0,0,1,0,0,2,3,6,3
2023,febrero,CENTRO,25,17,41,20,33,24,9,169,2
2023,febrero,ARGANZUELA,14,1,13,15,12,8,4,67,2
2023,febrero,RETIRO,9,4,19,4,15,9,2,62,2
2023,febrero,SALAMANCA,20,8,28,10,23,5,7,101,2
2023,febrero,CHAMARTIN,14,5,20,5,18,7,6,75,2
2023,febrero,TETUAN,12,7,26,9,16,8,1,79,2
2023,febrero,CHAMBERI,15,4,22,11,20,6,8,86,2
2023,febrero,FUENCARRAL,14,2,20,7,12,12,9,76,2
2023,febrero,MONCLOA,9,3,11,6,9,11,8,57,2
2023,febrero,LATINA,26,6,27,5,12,16,4,96,2
2023,febrero,CARABANCHEL,27,6,29,9,16,14,4,105,2
2023,febrero,USERA,16,2,16,7,17,3,5,66,2
2023,febrero,PUENTE VALLECAS,34,2,23,13,22,9,36,139,2
2023,febrero,MORATALAZ,12,0,11,1,5,5,0,34,2
2023,febrero,CIUDAD LINEAL,25,6,28,12,14,6,4,95,2
2023,febrero,HORTALEZA,13,6,16,6,14,5,4,64,2
2023,febrero,VILLAVERDE,18,2,17,9,6,5,9,66,2
2023,febrero,VILLA DE VALLECAS,24,2,15,4,14,7,4,70,2
2023,febrero,VICALVARO,8,1,11,1,9,2,5,37,2
2023,febrero,SAN BLAS,23,4,19,3,16,9,3,77,2
2023,febrero,BARAJAS,2,0,4,2,7,5,3,23,2
2023,febrero,FUERA DEL TERMINO MUNICIPAL,2,0,1,0,2,2,1,8,2
2023,enero,CENTRO,35,35,52,21,38,61,3,245,1
2023,enero,ARGANZUELA,15,13,28,6,25,25,3,115,1
2023,enero,RETIRO,4,7,12,6,8,15,6,58,1
2023,enero,SALAMANCA,8,9,23,8,20,28,7,103,1
2023,enero,CHAMARTIN,17,11,21,4,17,20,10,100,1
2023,enero,TETUAN,16,9,25,13,14,24,4,105,1
2023,enero,CHAMBERI,7,14,28,15,16,24,3,107,1
2023,enero,FUENCARRAL,21,6,24,11,28,23,4,117,1
2023,enero,MONCLOA,9,13,14,6,32,24,8,106,1
2023,enero,LATINA,20,5,32,13,26,36,11,143,1
2023,enero,CARABANCHEL,21,11,31,4,19,33,2,121,1
2023,enero,USERA,23,7,13,4,21,19,6,93,1
2023,enero,PUENTE VALLECAS,33,11,41,6,38,32,41,202,1
2023,enero,MORATALAZ,6,0,13,6,5,15,1,46,1
2023,enero,CIUDAD LINEAL,11,5,29,10,33,35,3,126,1
2023,enero,VILLAVERDE,17,4,14,2,16,17,3,73,1
2023,enero,VILLA DE VALLECAS,15,7,19,5,7,22,2,77,1
2023,enero,VICALVARO,9,5,8,3,8,6,2,41,1
2023,enero,SAN BLAS,16,3,25,4,10,20,1,79,1
2023,enero,BARAJAS,1,2,4,2,15,13,8,45,1
2023,enero,FUERA DEL TERMINO MUNICIPAL,0,0,0,0,2,1,0,3,1
